MESSAGES=66626, DATE=2018-04-20 05:20, STEPSIZE=random, ORDER=50, ITERATIONS=20
Number of edges,Largest component size,LCS Standard Deviation, Average Clustering Coefficient, ACC standard deviation
50,2.0,0.0,0.0,0.0
100,2.05,0.21794494717703441,0.0,0.0
150,2.2,0.6782329983125261,0.0,0.0
200,2.3,0.7141428428542854,0.0,0.0
250,2.3,0.7141428428542854,0.0,0.0
300,2.3,0.7141428428542854,0.0,0.0
350,2.3,0.7141428428542854,0.0,0.0
400,2.35,0.7262919523166967,0.0,0.0
450,2.4,0.7348469228349535,0.0,0.0
500,2.4,0.7348469228349535,0.0,0.0
550,2.4,0.7348469228349535,0.0,0.0
600,2.45,0.9205976319760976,0.0,0.0
650,2.5,0.9219544457292885,0.0,0.0
700,2.55,0.9205976319760986,0.0,0.0
750,2.55,0.9205976319760986,0.0,0.0
800,2.65,1.107925990308017,0.0,0.0
850,2.7,1.144552314225959,0.0,0.0
900,2.8,1.1224972160321827,0.0,0.0
950,2.9,1.1357816691600544,0.0,0.0
1000,3.05,1.203120941551597,0.0,0.0
1050,3.05,1.203120941551597,0.0,0.0
1100,3.1,1.178982612255159,6.411352367926141e-06,2.794643706322025e-05
1150,3.15,1.1521718621802914,1.2822704735852283e-05,3.846811420755684e-05
1200,3.25,1.5124483462254172,1.2822704735852283e-05,3.846811420755684e-05
1250,3.25,1.5124483462254172,1.2822704735852283e-05,3.846811420755684e-05
1300,3.35,1.681517172080024,1.2822704735852283e-05,3.846811420755684e-05
1350,3.45,1.6575584454250771,1.2822704735852283e-05,3.846811420755684e-05
1400,3.55,1.6874537030686205,1.2822704735852283e-05,3.846811420755684e-05
1450,3.6,1.7146428199482244,1.2822704735852283e-05,3.846811420755684e-05
1500,3.65,1.7684739183827392,1.2822704735852283e-05,3.846811420755684e-05
1550,3.8,2.181742422927143,1.780931213312817e-05,5.570643518699022e-05
1600,3.85,2.151162476429895,1.780931213312817e-05,5.570643518699022e-05
1650,3.95,2.3124662159694354,2.2795919530404058e-05,7.530959871432444e-05
1700,4.05,2.43874967965144,2.2795919530404058e-05,7.530959871432444e-05
1750,4.5,4.043513323831146,2.1371174559753804e-05,6.957950331723245e-05
1800,4.55,4.08013480169467,2.1371174559753804e-05,6.957950331723245e-05
1850,4.55,4.08013480169467,2.101498831709124e-05,6.816012550209767e-05
1900,4.65,4.065402809070707,2.101498831709124e-05,6.816012550209767e-05
1950,4.7,4.112177038990417,2.101498831709124e-05,6.816012550209767e-05
2000,4.8,4.069397989875161,2.101498831709124e-05,6.816012550209767e-05
2050,4.85,4.269367634673782,2.101498831709124e-05,6.816012550209767e-05
2100,4.85,4.269367634673782,2.101498831709124e-05,6.816012550209767e-05
2150,5.1,5.290557626564519,1.9590243346440987e-05,6.254593909929779e-05
2200,5.2,5.528109984434101,2.457685074371687e-05,8.256993288148188e-05
2250,6.1,9.098901032542337,2.457685074371687e-05,8.256993288148188e-05
2300,6.1,9.098901032542337,2.457685074371687e-05,8.256993288148188e-05
2350,6.15,9.312760063482791,2.315210577306662e-05,7.675379647562347e-05
2400,6.2,9.298386956886663,2.8138713170342504e-05,7.831157745159536e-05
2450,6.2,9.298386956886663,3.4550065538268646e-05,0.00010414473993559259
2500,6.95,12.52387719518201,3.4550065538268646e-05,0.00010414473993559259
2550,7.05,12.547808573611569,3.9536672935544537e-05,0.00011069257577004745
2600,7.1,12.762836675285005,3.9536672935544537e-05,0.00011069257577004745
2650,7.2,13.193180056377614,3.9536672935544537e-05,0.00011069257577004745
2700,7.35,13.609831005563588,3.9536672935544537e-05,0.00011069257577004745
2750,7.6,14.461673485458036,3.9536672935544537e-05,0.00011069257577004745
2800,7.7,14.467549896233294,3.9536672935544537e-05,0.00011069257577004745
2850,7.75,14.473683014354018,3.9536672935544537e-05,0.00011069257577004745
2900,7.9,14.665946952038249,4.2386162876845045e-05,0.00012174016425699483
2950,8.05,15.11117136425896,4.2386162876845045e-05,0.00012174016425699483
3000,8.15,15.090642796117068,4.0605231663532224e-05,0.00011982054379815757
3050,8.3,15.505160431288674,3.9180486692881974e-05,0.00011423531964794857
3100,8.6,16.797023545854785,4.5591839060808115e-05,0.00011544830785822589
3150,9.05,16.927713962611726,4.879751524477118e-05,0.00012781628054426715
3200,9.05,16.927713962611726,4.737277027412093e-05,0.00012227671908112737
3250,9.5,17.636609651517492,5.684732432894512e-05,0.00016004262421112465
3300,10.05,19.941100772023596,5.684732432894512e-05,0.00016004262421112465
3350,10.2,20.573283646515936,6.0409186755570756e-05,0.00016454071188405872
3400,10.6,20.61164719278884,6.0409186755570756e-05,0.00016454071188405872
3450,10.65,20.821323204830186,5.89844417849205e-05,0.00015894203555152995
3500,10.65,20.821323204830186,5.89844417849205e-05,0.00015894203555152995
3550,10.8,21.008569680013917,5.89844417849205e-05,0.00015894203555152995
3600,11.15,21.687035297615026,5.89844417849205e-05,0.00015894203555152995
3650,11.85,23.647991458049876,6.397104918219639e-05,0.0001585773154368645
3700,11.85,23.647991458049876,6.219011796888356e-05,0.0001525151226782416
3750,11.95,23.6484143231634,6.432723542485895e-05,0.00016084435268757326
3800,12.0,23.85791273351464,6.397104918219639e-05,0.00015944856876042506
3850,12.0,23.85791273351464,6.397104918219639e-05,0.00015944856876042506
3900,12.15,24.487292622909543,6.389981193366388e-05,0.0001591697605024166
3950,12.4,24.556872765073322,6.354362569100131e-05,0.00015777749572299488
4000,12.6,25.028783430282825,7.13797230295777e-05,0.00018898526427452348
4050,12.8,25.6448825304387,7.13797230295777e-05,0.00018898526427452348
4100,12.95,26.27256173272793,7.601014418419103e-05,0.0002078625643473392
4150,13.15,26.928191547149986,8.242149655211716e-05,0.00023436005672381987
4200,15.4,36.234513933541315,8.20653103094546e-05,0.00023438219651308856
4250,15.55,36.87475423646916,8.598335897874279e-05,0.00025193958122753254
4300,15.55,36.87475423646916,8.598335897874279e-05,0.00025193958122753254
4350,17.5,45.233284205328275,9.061378013335613e-05,0.000271415749251863
4400,18.0,46.75788703523717,9.04713056362911e-05,0.0002714303701578637
4450,20.25,56.22266002245002,9.04713056362911e-05,0.0002714303701578637
4500,20.45,56.62638519277034,9.303584658346156e-05,0.0002822606773946513
4550,21.4,58.903650141565926,0.00010414885735453352,0.00030334720917845443
4600,21.45,58.890979784683495,0.00010913546475180942,0.00032431383110405673
4650,21.7,59.96757457159661,0.00010913546475180942,0.00032431383110405673
4700,22.3,62.15392183925323,0.0001084943295150168,0.0003229178347023739
4750,24.55,71.65785023289493,0.00010991907448566708,0.00032893016353660923
4800,29.1,90.90979045185398,0.00012630364164814496,0.0003701788699113735
4850,32.95,107.606911952718,0.00013129024904542087,0.00039138557975156946
4900,33.6,110.19818510302245,0.00013667189936637705,0.0004143338680725318
4950,33.9,111.2703464540306,0.0001373842718517022,0.0004173757956564847
5000,35.0,116.04697324790509,0.00013838159333115735,0.0004216360430166864
5050,36.0,119.32895708921619,0.00013838159333115735,0.0004216360430166864
5100,36.25,119.97369503353642,0.00014596327192497476,0.0004425538881763695
5150,37.3,124.53196376834343,0.0001522321497958359,0.00046931130424529295
5200,37.8,126.26226673080124,0.00015080740482518564,0.0004632242502927792
5250,38.75,130.3874514667727,0.00015073616757665313,0.00046291998355130193
5300,38.95,131.2560379563546,0.0001566164786373369,0.0004880623140158444
5350,39.5,132.55923204364154,0.00016160308603461277,0.0004904257546559478
5400,41.1,138.64194891878864,0.0001613486672898538,0.0004893447371362123
5450,41.25,139.29317104581978,0.0001596389733250735,0.0004820835950686254
5500,41.5,140.37859523445874,0.0001596389733250735,0.0004820835950686254
5550,41.85,141.24633623567019,0.00016424395260521092,0.0005017481491522112
5600,42.55,144.2852989739426,0.00016730715429210899,0.0005147882737791027
5650,45.85,158.40557913154447,0.00016729019304245838,0.00051477928285801
5700,47.0,162.96073146620324,0.00016721895579392587,0.0005144758346800297
5750,47.55,164.71322806623638,0.00017078081822055152,0.0005296582798192478
5800,48.1,167.10233391547825,0.00017078081822055152,0.0005296582798192478
5850,48.45,168.62279650154068,0.00017056710647495398,0.0005290144182320079
5900,51.2,180.5723123848172,0.00016910165450514228,0.0005227651798152276
5950,51.65,182.52815536239882,0.00017062816697369613,0.0005292748749385754
6000,51.85,183.39745772501865,0.00017058745997453468,0.0005291012365038598
6050,52.5,186.2228503701949,0.00017037374822893712,0.0005281896761520728
6100,53.55,190.34954031990728,0.00017037374822893712,0.0005281896761520728
6150,55.4,198.16190350317086,0.00017600149086300566,0.0005522163512117892
6200,56.3,201.61450840651324,0.00018098809826028157,0.0005735414724382162
6250,56.5,202.48419691422833,0.00018027572577495644,0.0005764391341682341
6300,57.25,205.5156624201669,0.0001838375882015821,0.0005759125968992257
6350,57.85,208.12502852852657,0.0001917754530380621,0.0005951008365334978
6400,58.15,209.42976746394004,0.00019498112922202514,0.0006103823545802533
6450,58.5,210.95200876028653,0.00019612092519854537,0.0006152634161312075
6500,59.55,215.29479208750035,0.00020541229775714308,0.0006292465281012034
6550,60.1,216.57629140790087,0.00021225107361626431,0.0006246199837714726
6600,60.5,218.08564831276723,0.00021968765642897984,0.0006274769257282806
6650,60.65,218.73803395843166,0.0002168381664876793,0.0006265080086255659
6700,60.75,219.1729625204715,0.00021947394468338228,0.0006377691065443305
6750,61.3,221.3490682157935,0.00021947394468338228,0.0006377691065443305
6800,61.9,223.95867922453908,0.00022531539906304833,0.0006633856540653245
6850,63.15,229.39578788635157,0.00022389065409239806,0.00065728807195869
6900,64.6,235.4738626684499,0.0002238499470932366,0.0006571138863546011
6950,65.35,238.5079191557379,0.00021943323768422088,0.0006438712585024241
7000,65.5,239.16051095446338,0.00022748304676839477,0.000678364003189631
7050,66.05,241.3247759762764,0.00023068872295235786,0.0006738021363222117
7100,66.7,242.85306257076522,0.00023705936832112257,0.00067317879216397
7150,66.9,243.72297798935577,0.00024453927941703644,0.0006824110266120124
7200,71.4,263.2993353580673,0.000252690855999114,0.0007172414217724826
7250,71.8,265.0397328703755,0.0002519784835137888,0.0007141948110562033
7300,73.3,270.9151343133122,0.00025849160337961853,0.00072205657872721
7350,74.0,273.7321683690099,0.0002701032748904181,0.0007467935207663343
7400,74.45,275.23562178613435,0.0002701032748904181,0.0007467935207663343
7450,75.75,280.457817683872,0.0002775831859863319,0.0007799423599033245
7500,77.7,288.9425721488614,0.0002839795934769435,0.0007791514013079059
7550,79.5,296.77542014122395,0.00028818767951525697,0.0007804116515068402
7600,80.25,300.0393099245497,0.0002867629345446067,0.0007743798295617631
7650,80.95,302.21539917747407,0.00028768901877552935,0.0007783001944565435
7700,81.8,304.99813114181535,0.000296949861084756,0.000794876304368937
7750,82.4,307.16158613993383,0.00029666491209062593,0.0007936677409272935
7800,85.8,321.7398949462127,0.0003022112407263716,0.0007986019580545835
7850,88.2,331.72738807641434,0.0003014988682410465,0.0007955837475471279
7900,88.65,333.4561852777663,0.0003014988682410465,0.0007955837475471279
7950,89.65,337.35786266218844,0.00030142763099251393,0.0007952819633175455
8000,90.05,338.8805799983233,0.00030057787238501894,0.0007970148548247478
8050,90.5,340.839184953843,0.00030556447978229487,0.0007996841332638283
8100,91.4,344.5262544422413,0.000306419326764685,0.0008032939729138948
8150,92.65,348.1528794940521,0.00030490299104592156,0.0007969978787589477
8200,93.1,349.6676850954346,0.0003095334122005348,0.0007960608890802079
8250,94.2,354.2252955394349,0.00031060197092852256,0.0008005715003834425
8300,98.1,371.20154902694037,0.00031056322099662847,0.0008004078993153474
8350,99.4,375.3155205956716,0.00031150926731367837,0.0008044027058057115
8400,101.5,384.2376217915159,0.0003177781451845394,0.0008309057043042207
8450,101.9,385.5208035891189,0.0003197160094706684,0.0008411689533912747
8500,102.35,387.2520206532175,0.00032036223308235624,0.0008439067197748767
8550,103.8,393.3449631049062,0.0003238528582604493,0.0008606548664397484
8600,105.45,398.04716743119775,0.00033019297337984297,0.0008710291194986525
8650,106.25,401.09149517285954,0.00033538681640921347,0.0008769669650269587
8700,107.0,404.35590758637375,0.00033367712244443306,0.0008697720366587386
8750,108.35,410.01308210836396,0.000333249698953238,0.0008679739834145908
8800,108.95,412.62470539220016,0.00033311231283106817,0.0008675384157936342
8850,112.9,418.33310889768217,0.0003329443964595272,0.0008668321058978909
8900,113.7,421.5798975283333,0.00033188262223139974,0.0008623669336641937
8950,114.35,423.96182316335984,0.0003313585196171963,0.0008617582260399311
9000,115.2,427.6562404548775,0.00033663007600860217,0.0008839690990414031
9050,116.8,433.7014641432514,0.00034577192862797235,0.0009224886309059148
9100,118.35,439.98434915346706,0.00035147090851057335,0.0009340581065988773
9150,119.5,444.5292453821233,0.0003662653585183076,0.000980706244014428
9200,121.95,446.2692544865711,0.0003717641956550316,0.0009870559297929407
9250,122.45,447.77667145576044,0.0003713656062882425,0.0009857106905834954
9300,126.25,464.2810436578259,0.00037635221368551844,0.0009898544575138325
9350,126.95,466.0150721811474,0.00037524629276424447,0.0009852471055818647
9400,128.4,471.20159167812665,0.00037598071487411535,0.0009883174878626967
9450,130.4,479.430015747867,0.0003809673222713913,0.0010091863990423784
9500,138.35,513.5460325034164,0.00038057042902956724,0.0010075240608523744
9550,139.2,516.0982077085716,0.00038035671728396973,0.0010068662984570444
9600,139.95,517.8680792441256,0.0003811403270178273,0.0010117097287769045
9650,142.7,529.1681301817032,0.00039109843088087226,0.001013466537857065
9700,144.7,535.8197551415961,0.00039954389966144103,0.0010268737250855489
9750,145.7,538.8782886700855,0.0004050291677984446,0.001022029892833844
9800,148.1,549.3063717089034,0.00042073019660000333,0.0010514321433975021
9850,151.55,563.4080648162573,0.00042664288822820184,0.001061409103150308
9900,154.85,576.4084727864433,0.0004284691522360354,0.0010689591301690988
9950,155.8,580.5373889767997,0.00043903940301828813,0.0011112683553267772
10000,157.2,585.9655791938636,0.0004388256912726906,0.0011103813841701433
10050,157.85,588.7907331981372,0.0004444415610320037,0.0011337127630220642
10100,158.75,592.7026130362511,0.0004446976759017278,0.0011468096010153997
10150,161.85,606.1779668546194,0.00045157592521458134,0.0011770180158558736
10200,163.15,611.6004639468482,0.0004525732466940364,0.0011826751780577374
10250,164.85,617.6744510662554,0.0004525732466940364,0.0011826751780577374
10300,165.85,621.5741528570827,0.00045773470915589227,0.0012042545667263387
10350,168.05,628.9982889483882,0.00045738361128812484,0.001203253233164322
10400,169.05,632.6738081349662,0.0004619563641939261,0.001222400352233259
10450,170.05,636.7901125959793,0.00046512133337872776,0.0012356673114120036
10500,172.8,646.5280813700206,0.00047217733390629904,0.0012442388198815543
10550,173.4,648.9123515545069,0.00047379204487303596,0.0012422864645810527
10600,176.3,661.2880688474577,0.000476117432200133,0.0012519711838995772
10650,177.25,663.6907318171619,0.00047898049114115406,0.0012639049091041307
10700,179.25,672.3841071143785,0.0004785988630240156,0.0012623136070247674
10750,181.35,680.3785178119604,0.0004832107809971919,0.0012602512519414993
10800,181.85,682.0937820417365,0.0004830683065001268,0.0012596576102070535
10850,183.05,684.599187481259,0.0004872713041635451,0.0012771809920540302
10900,186.3,697.6215377982535,0.0004884789451386677,0.001282220079713717
10950,187.3,701.2931697942024,0.0004946616408836818,0.0013080461811579203
11000,188.3,705.6404962868841,0.0005037732241959832,0.0013509208806212769
11050,192.2,710.9856257337416,0.0005126592228879317,0.001376364624441115
11100,192.8,713.1690963579395,0.0005170504904224714,0.0013820533080702968
11150,196.85,730.112681371855,0.000520381679853849,0.0013799378383535614
11200,198.15,734.0196369989021,0.0005270035059106212,0.001393437142645446
11250,199.85,740.9613535806035,0.0005315643859416671,0.0014125435239249946
11300,200.8,744.6457949924917,0.0005386643650454075,0.001410966647219352
11350,202.75,751.3139074315077,0.0005481389191002316,0.0014504610478078578
11400,207.4,767.883610972392,0.0005557613046932104,0.0014632028760554543
11450,208.6,772.003782374154,0.000558190618222712,0.00147334855375832
11500,209.4,775.4778139959905,0.0005623647817617244,0.0014907957497894077
11550,212.15,781.7442212770108,0.0005623869618574212,0.0014971545329471657
11600,217.5,804.0932470802127,0.0005599918792135782,0.0014871370485736253
11650,221.5,820.576961655639,0.0005661300012689511,0.0014859647512282636
11700,223.05,825.3777604830409,0.0005754417273271295,0.0014958933860851887
11750,224.8,831.5066205388866,0.000578131473135357,0.0015071318258702948
11800,226.05,836.2658354255541,0.0005816426653112782,0.0015069492524969188
11850,234.75,872.5648328347871,0.000582020746985308,0.0015066310076033388
11900,238.8,881.9912471221015,0.0005797174092827567,0.0015016722879726576
11950,239.7,885.2237061895711,0.0005919778426621848,0.0014976944339257197
12000,240.85,889.074927944771,0.0005930209595156965,0.0015021344782106837
12050,242.55,895.3015958323765,0.0005974681991740833,0.0015003532661277013
12100,243.3,897.7069176518581,0.0005960305019764272,0.0015005735484261871
12150,247.0,905.4670617973908,0.0005974422947200716,0.0014940370929269321
12200,248.6,911.3010698995146,0.0005991473747505063,0.0015113561898051383
12250,250.75,919.2511558328333,0.0006095911396822179,0.0015455643141328219
12300,252.25,924.3101684499635,0.0006190436395774029,0.00155708969820898
12350,253.6,929.087261779,0.0006216794177731058,0.0015681061617440453
12400,255.6,936.0849534096785,0.0006295867523602147,0.0016014342682111355
12450,256.8,940.1849073453583,0.0006459404808869643,0.0016182650937437652
12500,258.8,948.6481750364569,0.0006462798126290999,0.0016196776866471724
12550,260.35,953.6476956927019,0.0006525030018750282,0.0016222170890049143
12600,261.8,958.6974809604957,0.0006500096981763902,0.001620191543371368
12650,264.2,968.4419755462895,0.0006547786796935338,0.0016399995760990435
12700,266.25,971.535633674854,0.0006644974757433267,0.001666647869258706
12750,270.1,987.9867357409208,0.0006646704804897628,0.0016718820515349447
12800,271.95,991.6541471198515,0.0006638156335073726,0.0016683318924404365
12850,273.4,996.8625481980954,0.0006651817494870978,0.00167400570512808
12900,277.35,1001.9795544321252,0.0006698704556632378,0.0016866873009258067
12950,278.85,1007.8619585538488,0.00066937179492351,0.0016846178893164658
13000,280.75,1016.0896060387587,0.0006790891557906401,0.0016971824151429827
13050,282.65,1020.4396246226428,0.0006782926056907902,0.0016950889309946683
13100,285.85,1029.460745973347,0.0006851006971073616,0.001709586117636281
13150,286.85,1032.1435595400476,0.0006818034301752854,0.0017022513358930047
13200,288.9,1035.2059650137262,0.000689384041277866,0.0017255798073087414
13250,290.05,1039.5738297494797,0.0006935905309632713,0.001724740980448176
13300,293.05,1051.9447929905828,0.000691370303384008,0.001715536517982865
13350,293.9,1055.6221814645617,0.0006941960475757977,0.0017272521863471218
13400,294.7,1057.8411081065058,0.0006977555140776475,0.0017339449076850394
13450,295.9,1061.95573824901,0.0006991802590482979,0.0017398551086053454
13500,297.9,1070.6084204787483,0.0007053966637943657,0.0017661263953551829
13550,300.05,1079.2494834374488,0.0007110244064284343,0.0017765270880977248
13600,301.5,1084.915365362663,0.0007092027682159598,0.0017760838207331955
13650,304.35,1096.103474814308,0.0007090595897935141,0.0017754888979920184
13700,305.2,1099.3505173510403,0.0007140461971907899,0.0017802665152568825
13750,308.45,1111.16369068648,0.0007160954245349395,0.0017775862577625032
13800,309.35,1114.6340778479725,0.0007190772122235146,0.0017804342920447929
13850,310.45,1118.9436748558883,0.00072178422766775,0.001784259910515434
13900,314.0,1129.143037883155,0.0007231923197751069,0.001789192371208909
13950,316.8,1139.610003466098,0.0007326232839434452,0.0018189159024551117
14000,319.05,1147.523353792854,0.000732264553513335,0.0018174407251790028
14050,321.45,1157.0691195862069,0.0007321220790162702,0.001816854880234471
14100,322.4,1160.9766750456272,0.0007369526429167605,0.001837390265434364
14150,324.35,1166.3537317212133,0.0007470886857079581,0.0018536138313664239
14200,325.95,1171.2572507779835,0.0007488224338086066,0.001855770817192704
14250,327.0,1175.5765819375615,0.0007567231143670064,0.0018616202901947372
14300,329.55,1182.5512874712877,0.0007604215919499085,0.0018575673011573541
14350,331.15,1186.3306147529026,0.0007646636004875233,0.0018556094876128356
14400,332.3,1190.2779549332163,0.0007692824097096836,0.0018760039630242508
14450,333.5,1195.0065480992143,0.0007731173482556837,0.0018762845433173748
14500,335.3,1201.6440862418456,0.0007747452368086878,0.0018814174469627533
14550,336.9,1207.7578358263713,0.0007853069476610464,0.0019177228356484712
14600,340.0,1220.9320210396645,0.0007962486498106472,0.001908034229079454
14650,342.55,1228.3419912630195,0.0008009038933854014,0.0019201414668132356
14700,343.55,1232.46401468765,0.0008047676660558077,0.001923032949655955
14750,345.1,1237.7606351795164,0.0008252048569494869,0.001980123651867153
14800,348.35,1245.846630809748,0.000829252659178602,0.0019811566729975886
14850,350.3,1252.470323001707,0.000827773863568331,0.0019793230701008755
14900,351.85,1257.7668812224306,0.0008305877348853653,0.0019895540609489596
14950,354.35,1265.7411771369373,0.0008394246527024505,0.001995715409496488
15000,356.0,1271.6713411884377,0.0008569722574978754,0.002043694533116199
15050,357.65,1276.1766834964506,0.0008649372603337965,0.002055733074763559
15100,358.75,1279.4453436938993,0.0008691994681778132,0.0020686839123095465
15150,359.5,1281.6889053120497,0.0008687771330615132,0.002068220140664086
15200,360.8,1286.189628320801,0.0008840774849578646,0.0020756524840367663
15250,364.0,1291.9951625296435,0.0008864893746581797,0.002078220882423839
15300,365.35,1295.4475780594134,0.0008873621222825086,0.0020818338069634474
15350,366.5,1300.2129633256238,0.0008942256876603499,0.0021020516547750182
15400,387.55,1317.2479066219844,0.0008987930912489539,0.002106360287742712
15450,400.0,1341.5710939044566,0.0009073887916295747,0.002141519280561818
15500,401.75,1348.4047565549447,0.000907195433383558,0.002140730155971566
15550,403.2,1352.188877339257,0.0009126565094223757,0.0021641680499491544
15600,404.35,1355.9709906557734,0.0009121564609440401,0.002163356945483483
15650,405.9,1359.8797704209,0.0009229387273469256,0.002209727994414955
15700,406.9,1362.3287745621465,0.0009243502117042125,0.0022198494347371945
15750,408.9,1365.1858078664604,0.0009363231578325701,0.0022281751410999293
15800,411.95,1367.5967781111508,0.0009336031901613286,0.002222455414493419
15850,420.05,1375.370294684308,0.0009356351478694702,0.0022237905220545734
15900,422.05,1380.9690972284643,0.0009392987777939995,0.002246620747726293
15950,424.85,1391.199132942513,0.0009419066944684234,0.0022443069688227613
16000,427.1,1395.5645058541722,0.0009460371501717974,0.002254950895258124
16050,428.35,1400.167535511376,0.0009553969548491777,0.0022732568896891145
16100,432.1,1407.1224857843754,0.0009572230565484021,0.0022807849250521444
16150,434.5,1416.0767458015825,0.0009569162714279736,0.002280091769610258
16200,436.05,1421.0023390198905,0.000958559662325938,0.0022823534960731695
16250,439.15,1429.5191245660199,0.0009714426668741843,0.0022958241732643275
16300,440.85,1436.320342924934,0.0009796349504554232,0.002297595248874793
16350,442.65,1442.8260558709078,0.0009879171286598103,0.0023047539653378597
16400,445.6,1449.885147175458,0.0009908100654944466,0.0023166573837654493
16450,447.5,1455.6437579298033,0.0009968568507669417,0.002341561670151488
16500,449.4,1462.8668223731102,0.0009967843443899388,0.0023421570251797637
16550,452.5,1474.4920650854654,0.0009948202316803995,0.0023351069886284833
16600,456.5,1481.2536075905437,0.0009973722473970588,0.002335060814527481
16650,458.0,1486.3451483420665,0.001005333608901761,0.0023474838631626373
16700,458.75,1488.4350128574645,0.0010083518496718043,0.0023632060587075988
16750,463.0,1494.7120123956988,0.0010082144635496343,0.002367202867764576
16800,464.35,1499.350668622921,0.0010133604455157658,0.002389594552807006
16850,467.8,1510.5302247886336,0.0010118390214221072,0.002389765708249677
16900,469.15,1514.5058030592024,0.0010134546456869022,0.0024026592119758424
16950,470.2,1518.4291093100132,0.0010176372898507398,0.0024100579847778723
17000,478.35,1530.1099070001474,0.0010274797488298035,0.0024182334482880444
17050,480.95,1534.2232391343837,0.0010345118330489127,0.002424757280836918
17100,484.9,1549.9447699837565,0.001040661519592684,0.0024285308656349374
17150,485.9,1553.159035643163,0.0010398420302922577,0.0024311449849853586
17200,488.9,1557.9643416972033,0.001046432400940587,0.0024508181009966937
17250,489.5,1559.8276347083995,0.0010475598021577473,0.002455904462138629
17300,490.55,1563.8609744795092,0.0010474526162696837,0.0024528651732409687
17350,492.45,1567.1119447888846,0.0010512994276904394,0.0024607641273833736
17400,494.6,1573.26861660684,0.0010541906446780833,0.002463055763409871
17450,501.15,1587.8262900896937,0.0010560088997108143,0.0024706587151230195
17500,502.1,1590.3961110364928,0.0010672236779797899,0.0025064961881802296
17550,504.2,1593.9837075704381,0.0010792907590437082,0.002560813846855716
17600,506.55,1601.9992657613798,0.0010907243374331762,0.0025988443190724207
17650,507.8,1605.1812857119908,0.0011023390928075487,0.0026182547391244864
17700,511.05,1611.4315832513648,0.00110053271971976,0.002617645274212475
17750,512.8,1617.0223436922572,0.0011007464314653575,0.0026185288708632606
17800,516.4,1625.9412474010246,0.0011050226234445757,0.002619874782592083
17850,519.55,1632.849762684859,0.0011030992177341976,0.002612391972901788
17900,525.6,1637.8763201169984,0.0011113658224275419,0.002636034334373833
17950,527.25,1639.6267829905682,0.0011193655740800547,0.0026583886811295332
18000,529.5,1647.3093971686071,0.0011221455228977877,0.0026698911867987516
18050,531.4,1654.7179941005054,0.001124984836089298,0.002674429669848857
18100,538.3,1665.3635969361164,0.001137347119993726,0.0026926610845327704
18150,539.8,1670.3582130788593,0.0011396035829699701,0.0026928541542803807
18200,541.2,1673.6043618490005,0.001152552026753155,0.002709896054482386
18250,545.0,1684.415269462967,0.0011519756526513919,0.002707524484609144
18300,547.1,1690.9902099066096,0.0011556562438255716,0.0027008448881054524
18350,549.3,1697.8917839485532,0.0011656723243237857,0.002734448715162477
18400,555.1,1705.6134937318009,0.0011824052341103094,0.002755534776290775
18450,557.25,1712.1161431106243,0.0011797530343410812,0.002745148858080173
18500,558.9,1716.9968811852862,0.0011812082383950199,0.0027514083015747638
18550,561.35,1723.6633451750372,0.0011837015420936578,0.002749045373158734
18600,563.2,1730.6699454257591,0.001183462779887038,0.00274806205436467
18650,568.95,1742.8073179499793,0.0011875362950496784,0.0027529570067388355
18700,571.8,1748.288666096077,0.00119240165742022,0.0027535609907664463
18750,574.25,1753.9482567909465,0.0011994338464605795,0.002772572217133338
18800,576.25,1758.5268230823208,0.0012086772560789426,0.002810653047507458
18850,579.75,1771.4477377275346,0.0012154854518026646,0.0028284022282567297
18900,581.2,1776.4205189087409,0.0012154854518026646,0.0028284022282567297
18950,582.85,1780.6289415540791,0.0012202464745795876,0.002834058463919287
19000,583.85,1783.9396927867265,0.0012247575502139323,0.0028386306630605483
19050,586.7,1790.0101424293662,0.0012330705789150615,0.0028488106606874507
19100,588.35,1795.325521319184,0.0012428112703962214,0.002866350446784391
19150,596.0,1798.1691800272854,0.0012489020551457513,0.0028572803490613786
19200,596.9,1800.984616813814,0.001254397758532874,0.002863903998788275
19250,598.95,1805.6755930952825,0.001258080045832019,0.0028693969115093886
19300,600.5,1810.1222748753742,0.0012584509652163762,0.00287091868698049
19350,601.6,1813.6371026200363,0.0012572501282648715,0.002880896881722799
19400,606.05,1820.9064631386204,0.0012646656933612366,0.0029011102970443532
19450,607.0,1823.9568251469111,0.0012711711035681345,0.002910298225711641
19500,610.35,1832.1497011707313,0.001271269277178874,0.002905693177283617
19550,612.25,1836.1208531847788,0.0012709425684183629,0.0029057404876137003
19600,617.5,1849.2460761077741,0.0012737969925413798,0.002915690110032482
19650,618.15,1850.3898852674265,0.0012776777264614366,0.0029318731888831186
19700,620.9,1857.2467768177712,0.0012885329262378197,0.002965054110153829
19750,622.65,1863.1051305549024,0.0012976203012210743,0.003003934686200082
19800,625.15,1867.5041439043716,0.0012971298601638695,0.0030064057768051464
19850,626.55,1871.4540463233395,0.0013092761148899268,0.003021137648915661
19900,628.45,1876.432212338085,0.0013102383166053997,0.0030164665769415815
19950,630.65,1883.6766780687178,0.0013122213124894728,0.0030151652341170823
20000,632.15,1887.947358243868,0.001311714705311195,0.0030136543092718375
20050,634.95,1895.3174001997659,0.0013086006198753453,0.0030021718168338103
20100,636.5,1899.574149645125,0.0013108260551373478,0.0030006077000646
20150,637.8,1902.9434200732296,0.0013099780924268746,0.0030002902448281153
20200,640.35,1912.3327449740539,0.0013124079397019946,0.003001021283080413
20250,641.65,1914.9957251910512,0.0013153949225145887,0.0030015016768410703
20300,644.5,1925.8505263908723,0.0013134031499210037,0.0029945248195170937
20350,647.05,1933.9384807950846,0.0013235228245132374,0.0030204725367838697
20400,649.4,1939.5016215512685,0.001328088176146464,0.003028233724081342
20450,652.65,1943.592402614293,0.0013271408132568888,0.003021777344347379
20500,654.4,1949.2554065591303,0.0013457337351238745,0.0030266317771775733
20550,659.25,1958.5422353117638,0.0013469201798982588,0.003026759134311724
20600,661.1,1962.9185642812593,0.0013499518431128964,0.0030300524739787886
20650,662.05,1965.4251060521233,0.0013528255251523832,0.003042555268496076
20700,664.45,1971.926202346325,0.0013658211181322058,0.0030572522796493366
20750,666.05,1975.7484777926568,0.0013709934512131559,0.0030787083328924626
20800,668.55,1979.8813720776302,0.0013753561104232076,0.00310134491805804
20850,670.35,1984.4037712874867,0.0013739054331509482,0.0030991109256476384
20900,672.2,1989.4013320594715,0.0013732846514137363,0.003096581381926793
20950,673.45,1992.2600351108788,0.001371717431946021,0.003090377766629781
21000,675.1,1996.7581951753698,0.0013825928784728606,0.003114343152735839
21050,676.75,1999.741455163642,0.001389599570703523,0.0031136351940779395
21100,679.0,2003.4975168439814,0.0013925202978933558,0.003114758567148576
21150,680.55,2007.85028015039,0.0013917386452267657,0.0031115764636439167
21200,681.55,2010.153264679089,0.0013981006557775265,0.003120459348335814
21250,682.95,2015.316835512471,0.00139668008213813,0.0031191673352086767
21300,684.85,2020.6500259817383,0.0014048893269690194,0.0031457136182699743
21350,686.8,2024.8557133781164,0.0014084340337285083,0.0031365107538668157
21400,689.1,2030.7700239071878,0.0014054773885982387,0.003136639307068054
21450,695.95,2045.419992935436,0.0014199008794706953,0.0031483903003126225
21500,696.9,2048.31127761383,0.0014305113622376398,0.0031739775271275405
21550,698.7,2053.88838791206,0.001433474273122845,0.003169909740626103
21600,701.4,2059.5988784226893,0.0014319574861622792,0.0031688558055883087
21650,702.45,2062.916417962686,0.001430790552186318,0.003166036050432583
21700,703.95,2065.8862861977664,0.0014355557608545315,0.003180323912033825
21750,706.65,2074.7950808453347,0.0014386901997899622,0.003187291874461321
21800,709.5,2083.408469311767,0.0014457983985762257,0.0032105217578274146
21850,711.05,2085.6586843249306,0.0014490696328886047,0.0032172042700933036
21900,713.8,2089.5134266139567,0.0014502852919090164,0.003222136065828032
21950,718.05,2099.4949982079024,0.001455431335053008,0.0032433629103143556
22000,719.8,2103.6029235575807,0.0014678028705481544,0.0032669367586571035
22050,721.2,2106.5051530912524,0.0014712578771019812,0.003277118408449417
22100,722.85,2111.472431148463,0.0014784516002950949,0.003296562060066223
22150,724.9,2114.833537184428,0.0014805915821858888,0.0033064053921429007
22200,726.4,2118.086079459473,0.0014883942086250002,0.003314203601203892
22250,728.9,2124.968115054906,0.0014892440249952646,0.00331763678535017
22300,730.9,2129.7726850535014,0.0015003955840609971,0.0033383998180881477
22350,733.35,2134.7280687478674,0.0015016181092129522,0.0033442504299412692
22400,735.05,2138.057587507876,0.0015039799632267977,0.0033545301565880963
22450,736.4,2140.3977293951702,0.0015125172125316996,0.003355472899087919
22500,739.0,2144.9245208165253,0.0015174868586793247,0.003365509223238391
22550,743.45,2151.886811033517,0.0015206760006101316,0.003370575165373113
22600,745.6,2156.5369553986316,0.0015196607156253647,0.0033732719715244045
22650,747.05,2160.631515899923,0.0015192536456337502,0.003372459921604719
22700,748.7,2165.758529938183,0.001527038892743631,0.003391511579231935
22750,758.05,2169.5147493160766,0.0015294985170937498,0.0033991976871649734
22800,761.2,2173.1254128558708,0.0015361829455810502,0.0034069249612772414
22850,764.5,2177.118956327375,0.0015449432314814707,0.0034404734602164638
22900,766.85,2183.165574916387,0.0015460540391404062,0.0034491168727233965
22950,769.55,2192.6896377508606,0.0015487267239269263,0.003438850342704831
23000,772.75,2199.276241744088,0.0015501361186667248,0.003450213797301261
23050,775.85,2206.312178160652,0.001549527862160024,0.003448811605673275
23100,784.55,2212.4421229718077,0.001548122391336704,0.0034436263927552185
23150,786.15,2216.351896134727,0.0015538298162610892,0.0034668598588918844
23200,791.65,2222.388023613338,0.0015558549001996355,0.0034658518499531502
23250,794.45,2231.177278366737,0.001554541810067944,0.0034598473283381052
23300,797.75,2235.365627252061,0.0015630588244834025,0.003495139147551157
23350,806.9,2238.177783376468,0.0015673162387336008,0.0035124370739820637
23400,809.75,2246.0026463697677,0.0015666352445601293,0.003510990097407213
23450,814.15,2250.428654167912,0.0015720427044469871,0.0035106786041728573
23500,818.2,2255.0183059123933,0.0015765354785371281,0.003512736605045594
23550,820.25,2256.948135757665,0.0015853764238357507,0.00354013146234432
23600,823.65,2265.6136756958367,0.001597473688370454,0.0035381241377998654
23650,831.0,2274.5390522037646,0.001612980415696321,0.0035646978572529183
23700,833.15,2280.4812052503303,0.0016134347776428433,0.0035667397035773585
23750,835.3,2285.092494845668,0.001619688651331321,0.0035696952491012833
23800,836.15,2286.315557288626,0.0016343533477792282,0.0035801357868721945
23850,838.7,2289.165155684491,0.0016342674706442326,0.003579789857604175
23900,841.2,2293.671175212349,0.00163926979476603,0.0035829742111370697
23950,842.45,2297.1708137402406,0.0016390613346586934,0.003583396350413007
24000,845.0,2303.0808713547162,0.0016413054077595245,0.0035887542886101857
24050,851.95,2309.5773958670447,0.0016470875333484546,0.0036026038256935056
24100,853.55,2313.7469929748154,0.001651282143292202,0.003619641274471894
24150,857.8,2321.9725149105448,0.0016560669118186352,0.0036230186895481486
24200,859.75,2326.8276445624415,0.0016578477639947128,0.003623634821995615
24250,863.4,2332.285990182165,0.0016635957057013824,0.0036462367897671026
24300,866.6,2338.4595228483213,0.0016651794238392126,0.003648410346889369
24350,869.0,2345.2237846312237,0.001669609197108305,0.003646715159715862
24400,870.8,2348.428231818039,0.0016770683236320672,0.003648622866144524
24450,872.8,2351.4870954355674,0.0016821282498857876,0.0036517180742996562
24500,874.15,2353.9889820260414,0.0016871875007043488,0.003654265312867229
24550,876.1,2359.105082441221,0.0016924422025952277,0.0036551167655715896
24600,878.75,2363.02303998501,0.0017012194139419286,0.0036543576613777516
24650,881.05,2367.851462296569,0.0017024682363567622,0.0036603547793370994
24700,883.3,2373.077729447563,0.001702172648033306,0.003661067862528407
24750,884.95,2377.0236531216933,0.001704815115840759,0.0036716335403676743
24800,890.6,2383.9072842709297,0.0017096008810412009,0.003690932784372015
24850,892.55,2387.136600092253,0.0017106734501505252,0.0036952468113058004
24900,894.35,2390.5925682767443,0.0017255586428438906,0.0037174779731805863
24950,901.05,2399.8950075992907,0.0017314647041654075,0.003730980284759266
25000,903.55,2404.730015511097,0.0017339962003282941,0.0037300974319499423
25050,906.9,2410.5569875030956,0.0017415682715009807,0.0037397455563449667
25100,909.0,2415.4840715682644,0.0017544849919108505,0.0037806366485137136
25150,910.3,2418.3495425599667,0.0017603700991909333,0.003783621669970797
25200,913.05,2422.6483953516654,0.0017702548071009444,0.00378594727868613
25250,915.1,2426.9693014127724,0.0017780668049527178,0.0037972907016025213
25300,917.95,2433.1084537069037,0.0017932031546120633,0.003833848614142919
25350,919.4,2436.917138517434,0.0018007462967722337,0.003848648250656284
25400,921.75,2444.8499110374855,0.00180459657872561,0.003867573620360359
25450,925.2,2449.7274664745873,0.0018034385659946104,0.0038633358450366542
25500,926.8,2451.9180573583612,0.0018053926062615096,0.003865011813681603
25550,928.05,2454.751056115467,0.0018075492737894504,0.0038739849311387677
25600,931.85,2460.4723789345817,0.0018054393536379848,0.0038711930475769938
25650,934.05,2465.685837145519,0.0018077948086349168,0.0038756215171281516
25700,936.1,2469.9705241156216,0.0018209896686634977,0.0038931475561713768
25750,938.45,2474.253998178037,0.001827085577370964,0.0039037862672056407
25800,941.85,2478.4777641730016,0.0018300399186737411,0.003919564870116688
25850,943.55,2483.912970999588,0.0018337935508518557,0.003914396894453652
25900,945.1,2487.4332935779403,0.0018442840837607506,0.003927090841601683
25950,947.05,2492.3258710489686,0.001848660086170605,0.0039448967630533694
26000,951.45,2498.304754728694,0.0018479718086369893,0.003942057262824628
26050,954.1,2505.3553819767767,0.001860721544416303,0.003986948000139881
26100,956.65,2511.7832962857283,0.0018701486069721055,0.004015959128647643
26150,958.95,2515.681765943379,0.0018777044562316649,0.004020876345102883
26200,961.2,2520.123600143453,0.0018931909252251436,0.004053343304039699
26250,963.1,2524.109662831629,0.0018978621740518404,0.0040565173712787655
26300,964.55,2526.2034058048453,0.001902082670664199,0.00405310822680009
26350,966.75,2530.124381823945,0.001901176320478522,0.0040542888475102665
26400,968.25,2533.922214177065,0.0019114639424902447,0.004086073379624867
26450,969.9,2536.490348887612,0.0019165936104582055,0.004107548145712661
26500,974.35,2543.8439078489073,0.0019166116154770655,0.00410761999777326
26550,975.6,2546.9399561041873,0.0019180989628782446,0.0041089307304498415
26600,977.85,2554.0600085941596,0.0019272303303614672,0.0041221949897708434
26650,979.05,2557.0622494378194,0.0019349621144540325,0.004131145799958383
26700,980.4,2559.081268736888,0.0019342493927665089,0.0041288033259426924
26750,981.45,2561.4883461573663,0.0019400088851690173,0.004150830024715481
26800,983.65,2565.032987604643,0.0019527705085692116,0.004173914191269946
26850,985.35,2569.4801084071464,0.0019549198072862997,0.0041752992722914415
26900,987.45,2573.581113448729,0.0019563886515060417,0.004185510138570536
26950,990.65,2582.98080277419,0.0019579295810367983,0.0041916575438536285
27000,992.4,2585.7773956781352,0.001960749714969088,0.004192415627051176
27050,994.05,2588.696167475048,0.001966722980003731,0.004205458913891266
27100,996.65,2595.4930798405144,0.001972660532371016,0.004214653521309253
27150,998.15,2597.9061044425757,0.001976451525861103,0.004215086535281769
27200,1000.25,2602.8192959750395,0.00197876334418848,0.0042252928499369935
27250,1001.15,2606.0605187715805,0.001986591808964713,0.004223312013282123
27300,1005.85,2612.850594178703,0.001989761666980296,0.004237100175110318
27350,1009.3,2615.416240295223,0.0019928501563484914,0.004245219596509841
27400,1011.25,2618.3858171591137,0.001991570717168657,0.004240249493527208
27450,1012.85,2623.712699115511,0.0019910128462483313,0.00423803593090247
27500,1014.85,2627.802870745825,0.001995023980153464,0.00423562507214901
27550,1016.55,2632.7111971312006,0.0020035217619351403,0.004250926743074249
27600,1017.45,2633.8010265583844,0.0020137188652250802,0.004254066986671394
27650,1019.1,2638.8450674490155,0.002018817552225148,0.004263675850663888
27700,1020.7,2641.869453625595,0.002028370484299434,0.004278264193932347
27750,1021.85,2644.086180044062,0.0020347959275516846,0.00429445239278571
27800,1023.95,2647.580073859901,0.0020443000461196565,0.004318306348447981
27850,1028.8,2658.383730765745,0.0020496173978851186,0.004334754998104669
27900,1032.05,2661.855902842977,0.002067134454639652,0.004347264760911016
27950,1034.3,2665.0902254895614,0.002081057541203361,0.004378856565808285
28000,1036.75,2670.7092667491906,0.0021009782302077212,0.004413338737087933
28050,1038.05,2673.629770087848,0.0021218329955813428,0.004420783096500741
28100,1042.15,2678.1237886811728,0.0021245429769767205,0.004422240467183826
28150,1043.9,2680.3770611613586,0.0021190216988019967,0.004412962476158006
28200,1045.75,2685.6948053529836,0.00212043935088643,0.0044033068243987455
28250,1048.4,2689.968204273054,0.0021257091612668427,0.0044090275340481835
28300,1050.0,2693.7561136821573,0.002131078955249703,0.004407381054044985
28350,1051.05,2696.2923334646043,0.002140214936667271,0.004421814744235466
28400,1052.5,2699.653357377573,0.002145240400745565,0.004423959824148558
28450,1053.45,2702.019198210849,0.0021598975239361974,0.004444125061264398
28500,1055.0,2705.050239829198,0.002161109185794979,0.004442265182560202
28550,1057.95,2709.8870728316338,0.0021661859487577054,0.004458639852677982
28600,1059.8,2713.014810132816,0.0021699912229083376,0.0044746019109187345
28650,1061.6,2717.8026675974843,0.002182577368097592,0.004472688646814501
28700,1063.6,2722.4640383299834,0.002185350532415465,0.004480128560511363
28750,1068.15,2727.086527321786,0.0021889100310724927,0.004484045465369888
28800,1080.4,2728.9389403209448,0.0021924463258978966,0.004488497582352628
28850,1089.65,2733.327592422833,0.002193708584399326,0.004489388858673515
28900,1091.0,2737.2621357845874,0.002217409819525592,0.004499368245346464
28950,1095.25,2742.9124279677617,0.002234166300634954,0.004511857957439364
29000,1097.15,2746.0876947941774,0.002238307769730244,0.004528237872672182
29050,1102.9,2754.326177125723,0.002245101180737058,0.004536219991475908
29100,1104.7,2756.7899647960126,0.0022513057600524254,0.004548043790864648
29150,1106.6,2762.049680943484,0.0022525756950717195,0.0045576153663926845
29200,1108.15,2765.734500544114,0.002256146863385134,0.004563243994026851
29250,1109.5,2768.6940874715647,0.002254284518173498,0.004557470129852915
29300,1112.25,2772.108689698151,0.0022594209061034508,0.004564613604064159
29350,1115.75,2776.0729434760897,0.002267202013597398,0.0045784216186687135
29400,1118.35,2779.9473245908816,0.002269321931885741,0.004590356492336337
29450,1120.15,2783.83151923747,0.0022728388470007925,0.004591521384854399
29500,1123.4,2788.0766201810166,0.0022761112058040122,0.004605913420828552
29550,1124.65,2790.637978581242,0.0022812573269307603,0.0046271219712857165
29600,1126.7,2795.450913537921,0.00228658454680995,0.004649509900132252
29650,1131.9,2801.2982151138426,0.002291658223227483,0.004673124960025694
29700,1133.6,2805.306300566838,0.0022998604205534253,0.004693482384752099
29750,1135.45,2807.1617066888043,0.0022987868801996663,0.004690562022281338
29800,1138.15,2812.066273667817,0.0023005455878268985,0.004703566695095304
29850,1140.9,2819.0703591787133,0.002297269971431141,0.004690658534974798
29900,1143.1,2821.851783846912,0.0022937819675370847,0.004683172681798678
29950,1144.45,2825.143385299231,0.002296070194308129,0.0046880529643429
30000,1147.7,2829.619039729553,0.0022996895707903878,0.004690405403515222
30050,1152.3,2837.7206187361007,0.0023151215783786118,0.004705834083128567
30100,1153.7,2840.6816101069826,0.0023195213265379774,0.004710255159101334
30150,1155.05,2843.5832935752032,0.0023234275023325097,0.004733819378592645
30200,1157.25,2847.70465243501,0.0023231302771891567,0.004729750605575209
30250,1159.4,2850.543358730051,0.002320686643795339,0.004725836224915578
30300,1163.25,2860.8230437236066,0.0023220289469100017,0.004731821049556367
30350,1166.1,2867.063966848316,0.002326620562708212,0.004727733557862722
30400,1169.2,2875.9720548016458,0.002327401966226025,0.0047289198494904275
30450,1171.5,2879.289226527964,0.002334444109043805,0.0047426192663379595
30500,1173.55,2883.812051348007,0.0023344988839029703,0.004735372949815806
30550,1175.65,2888.6837880771927,0.0023428302497313447,0.0047479594664655385
30600,1177.25,2890.808050960838,0.0023435988451844325,0.004751067532821139
30650,1180.1,2896.5563674819105,0.00234489917249078,0.0047551958835855695
30700,1184.25,2900.505557226188,0.0023478470849405014,0.004767587956190319
30750,1185.95,2905.8129581065605,0.0023520320737476725,0.0047863228082620154
30800,1187.5,2910.7727753983136,0.0023572306967655815,0.004813402967922383
30850,1190.0,2914.5396205919037,0.002360300137345708,0.004825779586906284
30900,1191.5,2917.2615840887497,0.002377278348245956,0.004845020603122014
30950,1192.8,2919.2287269071603,0.0023837426306998364,0.004862888206352971
31000,1198.6,2925.2102044126677,0.0023880759908269833,0.004862543562193105
31050,1199.85,2928.6578713636045,0.0024087744368443244,0.004895334509367759
31100,1202.55,2931.2092636828233,0.0024139466085530614,0.00491299323716046
31150,1204.6,2934.5766543063755,0.0024140714850513167,0.0049147113243251115
31200,1210.4,2942.1258198792248,0.002410957957083113,0.004914979233085913
31250,1213.85,2946.3654606141445,0.0024122016199569687,0.0049191460861016546
31300,1214.95,2949.617695142881,0.0024158365225062156,0.0049300774613495945
31350,1216.0,2951.207125906279,0.0024329306402440225,0.004963646589630149
31400,1217.45,2953.236977876987,0.0024404611672796837,0.004983072953992471
31450,1219.8,2959.4999003209987,0.0024426714718357033,0.004987700203896829
31500,1221.4,2963.6745165419225,0.0024520120320182877,0.00498913590049257
31550,1222.9,2965.938703007869,0.0024570413034819922,0.004984536272363231
31600,1224.6,2969.8694988164043,0.002458735529436325,0.004984258544975814
31650,1226.3,2973.0662303420017,0.002456395608621811,0.004981198728198264
31700,1229.15,2975.894441592309,0.0024583394147601285,0.0049828650527768935
31750,1230.7,2979.395796130484,0.0024622624488007715,0.0049812542040257686
31800,1232.55,2982.7573899833023,0.0024734840196850376,0.004982376775732672
31850,1237.0,2986.031027970071,0.0024820929154434467,0.0050033452142725365
31900,1238.3,2989.1294903366097,0.002483704337701952,0.005013649098594958
31950,1239.75,2991.4428437628553,0.0024859694354962,0.005014835672326897
32000,1243.1,2999.3539787760965,0.002488537368693301,0.005007754348648157
32050,1245.65,3004.3192119846385,0.002491230005752265,0.0050236365581594455
32100,1249.85,3009.5982169552135,0.0024923177674615006,0.005024443096777353
32150,1250.95,3012.288523282589,0.002492471879485838,0.005026005829991282
32200,1252.2,3014.874916144947,0.0025124651675703874,0.0050509274670215735
32250,1253.75,3017.0797946855832,0.002519987019210892,0.005059940601286826
32300,1255.95,3019.5828432914373,0.002521363446537129,0.005069463069271803
32350,1257.5,3023.1647738752185,0.0025310762741652003,0.00509456480897547
32400,1259.2,3026.60234586574,0.0025328443892043122,0.005102379659179838
32450,1262.1,3030.213720185426,0.002533029456601724,0.005102712753003179
32500,1277.25,3031.6171076671276,0.0025354549568153075,0.005108552653362857
32550,1279.7,3034.2819265849375,0.0025378443681503145,0.005119269038522961
32600,1282.1,3038.342852608968,0.002544377995708904,0.005144829507806793
32650,1283.5,3039.402005329338,0.0025486846502296087,0.005143669671871374
32700,1285.7,3043.664503522029,0.0025526763395633716,0.005148311666746444
32750,1287.4,3048.280538270715,0.00255778945751123,0.005157143897179037
32800,1290.5,3053.396281192469,0.0025636535011915665,0.00515326629273566
32850,1293.5,3057.710982091015,0.002561464237027365,0.0051504061048874734
32900,1296.9,3064.447142634377,0.0025612936400667185,0.005154213791091961
32950,1299.1,3069.2349519057675,0.0025700303797617416,0.005144369080142989
33000,1300.45,3071.3019954898605,0.002573787602491704,0.005150005425468118
33050,1302.5,3074.132959063417,0.002577264430938613,0.005162274312882686
33100,1304.15,3076.5553022008235,0.0025793007141711867,0.0051608392292692064
33150,1306.55,3079.2350588254867,0.0025742496700724925,0.005153228301470967
33200,1310.6,3083.3097541440757,0.002590063034535199,0.005198376515727976
33250,1327.35,3087.2003056977046,0.0025981433003304595,0.005204601561936464
33300,1329.9,3092.0118515296804,0.002604615926695375,0.005205175252423222
33350,1331.85,3094.879275109128,0.0026083383991090765,0.005215051153941947
33400,1333.35,3098.498963611252,0.002608687018024972,0.005216509365941905
33450,1334.6,3101.9629333697717,0.0026156934910679572,0.005219243167853318
33500,1337.85,3108.779813286879,0.0026208916515063295,0.0052259287758498665
33550,1339.9,3112.2852520294473,0.0026235771813484356,0.005235281633726593
33600,1341.1,3114.148196537859,0.0026235760901351718,0.0052355891604140906
33650,1342.35,3116.7796084259794,0.002627280730910126,0.005233795626776435
33700,1344.9,3119.7377117315486,0.0026269803329455974,0.005232532076958606
33750,1347.25,3122.366376244146,0.002628823745996346,0.00523364132176122
33800,1348.05,3123.973166898205,0.002629920574348945,0.00523458487209502
33850,1350.4,3127.711310207513,0.002642918596728913,0.00526532732136073
33900,1352.9,3133.0994382559898,0.0026421918874176536,0.005262559230725277
33950,1355.6,3139.5704546959923,0.0026388961867636557,0.005259229089570226
34000,1360.6,3147.7705824916784,0.002638118100773668,0.005256229806494435
34050,1362.0,3150.7106182574116,0.0026383205089731696,0.005257400726367684
34100,1363.4,3152.773309326251,0.0026502222178529946,0.005289832160440035
34150,1365.7,3157.5204686589127,0.0026510743759951385,0.005299028333350925
34200,1367.65,3160.538803352998,0.0026720973551469583,0.005321589114011844
34250,1372.0,3163.638348484226,0.002676448464760486,0.0053389057170852156
34300,1374.35,3168.2765232062684,0.0026848689558204063,0.005338869623383889
34350,1375.45,3170.3118375800195,0.002688844639218251,0.005348800734673861
34400,1378.95,3176.186022181321,0.002689649269734696,0.005354515467464831
34450,1380.1,3179.419426562026,0.002695297672191918,0.0053734700606150486
34500,1382.05,3184.4246650690293,0.0026980803074973785,0.005382542730800224
34550,1383.45,3187.214637814655,0.002726287079164571,0.005404189851757975
34600,1391.5,3189.7397934627834,0.0027267417453112107,0.005407246474153542
34650,1393.2,3192.9964704020576,0.002731991082990371,0.005412767406228112
34700,1395.35,3197.2123056656715,0.0027389066630034743,0.00542455977905305
34750,1397.85,3202.6397592454887,0.0027414999101376767,0.005437928492397811
34800,1400.1,3206.4633149312654,0.002738448504228945,0.005436611458126494
34850,1402.55,3211.4033922103276,0.0027398163972676116,0.005439956259862877
34900,1404.0,3214.618810994548,0.002742161912404535,0.005433273966589191
34950,1405.5,3218.823628284097,0.0027486494362027104,0.005435194732011743
35000,1406.5,3220.751597065505,0.0027552023972136986,0.005448061700794422
35050,1411.25,3223.301736961652,0.00276377815923022,0.0054589641940065645
35100,1413.85,3228.03525809431,0.0027658090375861106,0.005449316672616393
35150,1418.9,3231.8610257868454,0.0027744999494453554,0.00545639509103052
35200,1423.0,3239.9185946563534,0.0027868958627388315,0.005489470894986757
35250,1425.35,3242.7839008327396,0.002798782235327888,0.005491527657365625
35300,1426.9,3246.0544804423726,0.0028052056147637476,0.0054942891651265455
35350,1428.9,3250.042675104436,0.0028095581442274076,0.005501683699866189
35400,1430.1,3253.437749519729,0.0028179465022268105,0.005509896126865708
35450,1432.35,3258.1382302627985,0.002813163429825341,0.005502214658581986
35500,1435.25,3261.9906326505597,0.0028167344796536696,0.005516843956320262
35550,1437.6,3265.0806330012742,0.002824879552911683,0.005527532160762427
35600,1439.35,3269.2572440081863,0.0028281444411490365,0.005538310156296042
35650,1440.45,3270.682382546492,0.0028382517583653557,0.00555336258409095
35700,1443.1,3273.6356990355544,0.0028426387311581308,0.005562041987422178
35750,1446.6,3278.8701011171515,0.002854194504445555,0.005574912934886822
35800,1447.75,3281.101078525317,0.0028606706804850638,0.005573567608266268
35850,1450.2,3284.7233917028693,0.002859042272438788,0.005573230340853046
35900,1453.15,3287.8418343192848,0.002866325278845576,0.005587761582773942
35950,1455.75,3290.952079186204,0.002862410508457347,0.005582639924401865
36000,1463.15,3295.004344079079,0.002863431317713257,0.005567826656307586
36050,1467.35,3299.933473193058,0.0028683363502149794,0.005575780603830041
36100,1468.5,3301.7612042665955,0.0028681804772073744,0.005570970712070524
36150,1470.7,3302.8203417685313,0.0028848911188402724,0.005601255419553676
36200,1471.7,3303.9439326356614,0.002889210542819165,0.0056052313295030095
36250,1474.95,3309.1175028245825,0.002891249736627003,0.00560341413365582
36300,1478.2,3313.1277910759795,0.002896689517776308,0.00561003216366598
36350,1480.3,3316.813803938955,0.0029077532321882395,0.005626704492385522
36400,1483.6,3320.613593900983,0.0029082730703542466,0.005630241910812344
36450,1486.05,3325.0732995679964,0.0029074708299671377,0.005631381388967705
36500,1488.05,3328.545575397759,0.002904842002325487,0.005628488106555732
36550,1490.35,3331.102479285199,0.002903724382380106,0.005617493881941097
36600,1492.9,3335.290615523631,0.0029100901765942507,0.005629897159013273
36650,1495.35,3338.1956245103434,0.0029148330803834424,0.005646814467624197
36700,1496.85,3341.458368362533,0.0029188624209446684,0.005662330245211943
36750,1499.0,3344.4745626181702,0.0029248935038487956,0.005662121270358493
36800,1502.05,3349.659109148273,0.00292982484227265,0.005682838921109822
36850,1507.95,3357.2368768825354,0.0029397819874563665,0.005681487687139752
36900,1509.2,3359.730861244692,0.0029486964288592678,0.005684797336009143
36950,1511.4,3362.7673336108164,0.0029632169398864194,0.0057022080533104605
37000,1513.2,3365.260444601576,0.002967119682615181,0.005699384679313332
37050,1515.15,3368.7970000431906,0.0029705921846049327,0.0057054499902928855
37100,1518.6,3372.11552886315,0.002978578699831248,0.005720927183632772
37150,1521.75,3375.5955159793657,0.002987578035393444,0.005723130113862697
37200,1523.65,3379.6404583180147,0.0029927635495973124,0.005736992343230617
37250,1525.15,3382.163719795362,0.003003366753219839,0.005763881718437622
37300,1527.5,3386.0059140527205,0.0030040881800117323,0.005772206281161467
37350,1529.85,3391.354291061316,0.0030061515997868654,0.005791726587766697
37400,1533.0,3394.761758945685,0.0030199552682488025,0.005816272351842404
37450,1537.65,3398.1594323250933,0.0030273922145667045,0.005832821976604139
37500,1539.45,3401.6201503842253,0.0030301846235259032,0.005826030650567675
37550,1542.3,3405.6386493578557,0.003030129822712048,0.0058234981090590195
37600,1548.75,3407.2396287170645,0.003029588524206401,0.005822718420400716
37650,1549.5,3408.4511071746356,0.0030415109296371696,0.005832965436309751
37700,1555.95,3413.5128749574096,0.00305501677144243,0.005851951919139733
37750,1557.3,3415.730611450499,0.0030592301024907906,0.005850391535177145
37800,1561.2,3423.038439749107,0.0030602756506868736,0.005855512629018422
37850,1563.5,3427.704895407421,0.00305638098007567,0.005840577049034432
37900,1568.4,3429.794824767219,0.003057461565871591,0.005839053899225025
37950,1570.4,3432.690859952291,0.003071580402236246,0.005870620837591924
38000,1572.75,3437.5296925990324,0.003087549791724871,0.005893079751996927
38050,1575.55,3440.8421131316095,0.003095634393803616,0.005916021276796676
38100,1579.15,3445.031077871432,0.003102658355670286,0.005913611077669033
38150,1582.4,3449.1195311267484,0.003114159159421373,0.005926523461837134
38200,1585.0,3451.9165835807794,0.003122555258855374,0.00595808452571836
38250,1586.65,3453.846569768263,0.0031261953090845848,0.005971698933205331
38300,1588.5,3456.2429963762675,0.003128066134921046,0.00597636736129781
38350,1590.5,3458.3157678268767,0.003133006597686985,0.005970496682560553
38400,1592.65,3463.458593299478,0.0031355547467131636,0.005979564931154842
38450,1597.75,3464.0206245777463,0.003140097926366125,0.005987840792146296
38500,1602.9,3469.6796523598546,0.003143075970718763,0.005981383303922894
38550,1611.05,3474.81477887671,0.003148090821252542,0.005998284061204508
38600,1613.8,3480.426519839199,0.0031539941932452594,0.006018005244472493
38650,1618.1,3482.626765819157,0.0031612109203072595,0.0060341822302448144
38700,1620.45,3486.993453894056,0.0031629203533297366,0.0060418658090527575
38750,1622.2,3490.138071767362,0.003168437693647898,0.006046615391283539
38800,1626.0,3496.1971626325653,0.003169972532548098,0.0060455222192303095
38850,1627.95,3499.368549824382,0.0031725219388417346,0.006055767250878892
38900,1631.9,3500.83607014096,0.003184536932263806,0.00606003002006603
38950,1634.25,3505.6857513901614,0.0031964252263370894,0.006062665511519168
39000,1635.1,3507.138333456495,0.0032084945700183026,0.006111771021383056
39050,1637.45,3510.436133516746,0.0032079029663748954,0.006104983532773955
39100,1638.85,3513.136807398767,0.003207983466007365,0.00609707389338567
39150,1640.3,3514.339128484899,0.003227235517517518,0.006140566181121678
39200,1641.95,3517.0210899993194,0.0032301552522071278,0.006146941203368435
39250,1643.9,3519.972299606916,0.00323559570099687,0.006136185571043144
39300,1645.85,3523.6575213121946,0.003235633066641968,0.006137041661121037
39350,1647.6,3526.1838068937927,0.003255620170844508,0.006163037332339262
39400,1651.0,3531.272914969898,0.0032611469169465668,0.0061591784140330496
39450,1652.5,3533.452511354865,0.003277543985617528,0.006172851128615536
39500,1653.95,3535.5074950422604,0.0032845045395512953,0.0061751116437994405
39550,1655.9,3539.285406688757,0.003292203511710004,0.006170010644909527
39600,1657.15,3542.548309832909,0.003297019949143128,0.006180369900358686
39650,1660.4,3546.027529503966,0.0033028867979532153,0.006195439574957881
39700,1662.85,3550.6902184645733,0.0033144225212922438,0.006208709847094646
39750,1665.7,3554.874134199409,0.003317729302180751,0.006209431929839925
39800,1669.3,3559.168963395809,0.003323313918168854,0.006217127006452891
39850,1670.5,3560.814057206582,0.0033288267097882455,0.006225327704062194
39900,1672.35,3563.4951139997374,0.0033385925584795513,0.006244600650072411
39950,1681.3,3572.0391809161333,0.0033447470265933294,0.0062691340945976075
40000,1682.9,3575.089717755346,0.003349878308836707,0.0062761336890885455
40050,1685.05,3579.672365943565,0.0033490813967739707,0.006274602481757175
40100,1686.55,3582.207398727773,0.003347071049832866,0.00626583589704621
40150,1690.45,3584.730456742878,0.0033524497704834288,0.006262742750281698
40200,1693.6,3586.8991120465043,0.003353945468478939,0.006264216355686495
40250,1695.3,3589.3519066817616,0.0033594173218094007,0.006271485700611137
40300,1697.85,3593.3666007659167,0.003365477267923201,0.006267047065147051
40350,1699.45,3595.8989623597604,0.003373951125541655,0.006274299569273001
40400,1701.6,3598.40868162581,0.0033797777062100887,0.006285383402245129
40450,1704.45,3599.8877270687203,0.0033827496000689364,0.006286007022935454
40500,1707.4,3603.127730181099,0.003385738512499024,0.006296778277882986
40550,1709.45,3605.292352570038,0.003388466125383132,0.006294987695847482
40600,1711.35,3608.372878112793,0.0034093368600510965,0.006298636505241796
40650,1713.95,3611.2018979143218,0.003418766496446881,0.006320528507758475
40700,1715.95,3614.3255038111884,0.003424865684724647,0.006335327427612587
40750,1718.65,3618.5239431983864,0.003423430677186283,0.006331844070299484
40800,1720.8,3623.785335805641,0.0034320986823066744,0.006359202465041485
40850,1722.3,3626.977861801751,0.003440621820530479,0.006362061441407136
40900,1724.05,3629.818555726994,0.0034391832260317486,0.006351703415188974
40950,1725.55,3632.334958053841,0.0034494692038976537,0.006363823167292413
41000,1728.9,3636.21813014566,0.003459945504038641,0.0064026135852928625
41050,1731.2,3640.2663446511715,0.0034650867966553216,0.006394006664587956
41100,1733.2,3643.051613688722,0.0034677396902938534,0.006397930288491747
41150,1734.55,3644.383315116564,0.003475543491772575,0.006421659129300396
41200,1738.45,3652.6222837161795,0.0034838683340433904,0.006433158541559589
41250,1740.2,3656.3875560449005,0.003482941953287124,0.006431135977400733
41300,1745.0,3660.924009044711,0.003480542707427458,0.006423809922299576
41350,1747.4,3665.9521737196737,0.0034866608251123018,0.0064307837578032444
41400,1749.25,3667.5276123704916,0.0034901883736261734,0.006435118878223556
41450,1750.55,3670.236538358257,0.0034943364449117886,0.006439116885363021
41500,1752.1,3672.7029270007665,0.0034978998136871602,0.006449525331188519
41550,1758.1,3678.801719310243,0.0035028183151435315,0.006454712976390165
41600,1761.7,3683.2973827808146,0.0035103320280354885,0.006484725515801899
41650,1764.55,3686.172601425495,0.003513597376979586,0.00648873195887474
41700,1767.8,3690.0092086605964,0.003515405677482108,0.0064891751332084024
41750,1770.75,3693.7260168426137,0.0035407106898135594,0.006495345467060908
41800,1775.25,3699.86265792394,0.0035454567046625156,0.006493755029320489
41850,1777.35,3704.580330820213,0.003551633418491426,0.006499956699346551
41900,1778.4,3707.5635179993883,0.003565253739670525,0.00653129218015978
41950,1780.5,3710.835923346652,0.0035783610874561235,0.00655355090379509
42000,1784.5,3718.799167742189,0.003585366878249741,0.0065708546203732615
42050,1789.9,3722.5230006005336,0.0035969046100736667,0.006593859828050512
42100,1792.1,3725.124493221669,0.0035987531867414683,0.006590122074521563
42150,1794.1,3728.2077986614427,0.003598134468820647,0.006588840017755291
42200,1795.25,3730.705025528017,0.0035995410824875263,0.006591472926949894
42250,1796.9,3733.741433200751,0.003599375831080133,0.006599874753342686
42300,1798.9,3736.649353364589,0.003605956060561713,0.006615199014710627
42350,1800.35,3738.528417372269,0.0036057728790654863,0.006622332342495366
42400,1802.05,3740.502780041742,0.0036056313297274933,0.006627877634191761
42450,1803.45,3742.274742385973,0.0036203499937879262,0.00664477454130226
42500,1805.45,3746.861346180293,0.003627197905998654,0.006651667468297178
42550,1806.7,3749.4045273883157,0.0036374877325590187,0.006666076157229888
42600,1809.7,3751.221255804568,0.0036413030859898158,0.006662495502570183
42650,1811.55,3755.39174354687,0.003641589268529375,0.006664982246533246
42700,1813.35,3757.346008487906,0.0036411448837885287,0.006667059314743349
42750,1816.9,3762.350527263509,0.003651584832264643,0.006669959997648644
42800,1817.75,3763.9704419004142,0.0036546428151054944,0.006669033729514888
42850,1820.0,3766.2127130580398,0.0036581343179986044,0.006669517798461839
42900,1822.45,3771.6671045440903,0.0036629010173906047,0.00667509798406427
42950,1824.65,3774.225579837538,0.0036687509523950965,0.006674391970011807
43000,1826.4,3776.8377301652768,0.003672921106911465,0.006687307806889168
43050,1829.85,3782.3109903206005,0.003671761130589508,0.006691740599154091
43100,1831.3,3784.284081566816,0.003679840210592812,0.006697770461403393
43150,1833.5,3786.6933926580327,0.0036857297416148446,0.006701506503544677
43200,1836.45,3789.2754383259075,0.003690567303146229,0.0067225001303343156
43250,1837.75,3792.03214484002,0.003703834303433978,0.00672460246739666
43300,1843.0,3800.402939163162,0.0037053974457333023,0.006716667236330936
43350,1847.45,3809.1772664841947,0.0037099822344114916,0.006725464706397367
43400,1849.7,3812.846929788816,0.003724674264565566,0.006747430229699177
43450,1851.2,3815.1189968335193,0.0037477541967677204,0.006776411318034019
43500,1854.45,3819.308634753154,0.0037481831325381675,0.006776527204752079
43550,1857.75,3825.2783803927264,0.003744631631386322,0.006764598248075996
43600,1859.35,3828.129703588947,0.0037475082593270634,0.006758832109866466
43650,1862.25,3830.417521302345,0.0037594920938660353,0.00677454707832086
43700,1863.95,3832.7704663206746,0.0037631276769920707,0.006776950059227764
43750,1866.75,3835.8094435855387,0.003761231110056767,0.006776701897468356
43800,1867.55,3837.622212711929,0.003767082746914762,0.006789128396350893
43850,1869.35,3841.743084525565,0.003768766391618024,0.006793038863982229
43900,1871.5,3845.0400062938224,0.003781381611640493,0.006803565573580458
43950,1875.4,3851.625376383326,0.003789202349291977,0.006822421089104828
44000,1877.3,3854.281036717484,0.0037902914014097365,0.0068196198554829526
44050,1878.35,3855.6753140662663,0.0037945002421280864,0.006810157792529809
44100,1880.35,3858.5853531443363,0.0038007561878840948,0.006822254505207238
44150,1881.9,3861.411722414485,0.0038048315652258933,0.006826617392795025
44200,1886.65,3865.6909120492287,0.003814236260678319,0.00684878495719124
44250,1888.4,3869.097393449795,0.0038150143563715393,0.006851526296182326
44300,1892.2,3875.255212240866,0.0038229995588955957,0.0068601663913656005
44350,1895.35,3877.2267057137633,0.00382723758257325,0.0068705973747423205
44400,1897.85,3881.485144567734,0.003835849093685188,0.006877836102298161
44450,1925.5,3882.6027030846203,0.0038369602632742812,0.00687470032039593
44500,1927.85,3884.1553299913226,0.0038362422451993137,0.006872408820210687
44550,1929.3,3886.0220161496773,0.0038391227766621044,0.0068774642365922595
44600,1931.45,3888.7428492380413,0.0038409507166827493,0.006879737518061462
44650,1933.0,3890.786797037329,0.003842478114716491,0.00687744433667507
44700,1939.2,3894.6357159559866,0.0038469970683853915,0.006882793509108595
44750,1940.7,3897.7310463909644,0.0038633587587736822,0.006908757529568835
44800,1942.3,3899.7135164009164,0.003875694095850301,0.00693619259724743
44850,1944.4,3902.0792072944905,0.0038871988759052603,0.006933424708648327
44900,1946.1,3904.818291546996,0.0038906301450314165,0.006953018527245126
44950,1948.35,3909.02708196042,0.003888269212091682,0.006949104743258635
45000,1950.3,3911.476499993321,0.003894180788056547,0.006962885535503491
45050,1954.0,3914.8236741901924,0.003894750004721772,0.006961525574367441
45100,1956.85,3917.9469914101696,0.003901060936979698,0.006980075073638304
45150,1960.25,3920.5863321064617,0.003914583001624436,0.00698940881737463
45200,1963.05,3922.5051749487848,0.003915189150435061,0.00698687610955691
45250,1968.65,3926.0843377976485,0.003916113491096963,0.00698988528783297
45300,1970.65,3928.0787068871214,0.003919219560185716,0.0069881395716187055
45350,1972.25,3931.6411188586376,0.00391942480570761,0.0069816619458219755
45400,1974.8,3935.020414178305,0.0039345637721743335,0.0070041982952661315
45450,1976.8,3937.9490042406596,0.003943712439785233,0.0070097284189013205
45500,1978.35,3940.9753649953204,0.003948070474739856,0.007019131309367533
45550,1985.8,3941.6327023201948,0.003949921868169862,0.0070279979472699
45600,1988.35,3943.718616673862,0.003946755639929172,0.007024617720369606
45650,1990.65,3945.589921355234,0.003947382589393529,0.007023228092404718
45700,1994.05,3948.935039665758,0.003949679926181504,0.007035949434012981
45750,1997.1,3952.863492457082,0.003968440100203261,0.007058260059751359
45800,1998.7,3954.670784022356,0.003973343406153939,0.007058989814571395
45850,2001.55,3957.891919633481,0.003978048096232198,0.007069121598660648
45900,2003.1,3959.0466263988355,0.003986366773217842,0.007068829202805293
45950,2005.35,3962.779911564608,0.003986547648187552,0.00706923514620853
46000,2007.8,3964.331350934228,0.003988290647878918,0.007070460274692739
46050,2009.7,3968.093611546986,0.0039906787074370925,0.007076276755857616
46100,2011.75,3970.2650021755476,0.003995597391240381,0.007101544192456961
46150,2013.7,3973.3002919487467,0.003996411715693588,0.007100014011336192
46200,2015.65,3976.754119567867,0.004000040664013936,0.007098022580093236
46250,2017.7,3980.0157298684135,0.00399877601900677,0.007093929177514496
46300,2018.8,3982.0047287767,0.004004093269526686,0.007107238805595437
46350,2022.3,3985.033062598101,0.004002950120836948,0.00710529865927739
46400,2024.3,3987.6140623184683,0.004017847066005163,0.007144797435015059
46450,2027.65,3991.158770019053,0.004025679412842317,0.00716376943789018
46500,2030.0,3992.17694998606,0.004026680206079397,0.007162311545307664
46550,2031.9,3994.3159476936726,0.004031533436377148,0.007165005642730439
46600,2032.6,3995.502814415227,0.004030707280000897,0.007163606966381613
46650,2036.0,4000.348109852441,0.0040299967036547864,0.007156857941479218
46700,2039.45,4005.732573138152,0.004032080855441766,0.0071589365484651035
46750,2041.4,4008.5748140704573,0.004045025218595568,0.0071688628595028905
46800,2043.85,4012.4672743213746,0.004059999457849598,0.0071657502887689795
46850,2049.85,4014.631119729433,0.0040624315468563155,0.007166445489030103
46900,2052.35,4019.7310267603725,0.004068029147391803,0.007165503760000755
46950,2055.85,4025.218469536778,0.004076082222999162,0.0071925574846965126
47000,2057.7,4028.5982810401933,0.004081523934702879,0.007195033082267544
47050,2059.95,4031.207033569474,0.004082954372960126,0.007188836239341004
47100,2061.85,4033.9158180978443,0.004083544651291312,0.007186947003911688
47150,2064.0,4038.047089869062,0.004084665668418809,0.007188320610904675
47200,2066.3,4039.879541521009,0.004088478367564044,0.007194666854497439
47250,2071.5,4042.585663903735,0.004093936075589059,0.007208650548521793
47300,2074.0,4046.8373700953193,0.004097604410144176,0.007208292848432706
47350,2075.8,4049.0781988003146,0.004101030369424203,0.007213188327641634
47400,2077.8,4052.743226507201,0.0041061362960675835,0.007226433315923358
47450,2080.9,4057.077197934493,0.004107444522625476,0.007234046907769025
47500,2083.35,4060.462612498729,0.004110777279084048,0.007240104141207698
47550,2085.85,4064.6071676731563,0.004112140074677632,0.0072512414802826984
47600,2091.7,4068.1917985758732,0.004119025511553266,0.007268781681596075
47650,2094.45,4071.9043146297045,0.004133747929374086,0.007278559121934084
47700,2096.3,4074.449865932823,0.004133693080473826,0.007278407669206641
47750,2099.65,4075.474638309015,0.0041365790089490095,0.007284028655495621
47800,2101.8,4079.7120805272516,0.004140824329849138,0.007282888478690232
47850,2104.05,4082.287820266964,0.004143594382838455,0.0072950996550328355
47900,2106.1,4085.2522553693057,0.004143881239013823,0.007298918630289383
47950,2108.75,4087.568664560878,0.00415234266292066,0.007308964561653194
48000,2110.15,4089.2232547881267,0.0041598914912508176,0.007325421215947242
48050,2112.45,4093.234240487588,0.0041608273807945215,0.00734285902352912
48100,2113.7,4095.6395117246343,0.004170961217437163,0.0073575821663246594
48150,2118.35,4096.169225935374,0.004173871646104131,0.007369100681509588
48200,2119.7,4097.175613761266,0.004173878078727249,0.007371811244657379
48250,2123.0,4099.361352698735,0.004172599409117897,0.0073730764317555516
48300,2126.85,4102.114092452817,0.004174295379889776,0.007375313461748655
48350,2128.9,4105.302143569947,0.0041816910082735324,0.007380855875426853
48400,2131.35,4107.019871817033,0.004180291219022679,0.007377314632373858
48450,2132.7,4108.866353387513,0.004183803454967811,0.007374489252246712
48500,2136.5,4109.992597316934,0.00418830288949802,0.0073759239653459355
48550,2138.55,4112.0939978920715,0.004205728058277419,0.007418235495699212
48600,2139.6,4113.769553584644,0.004205491816472312,0.007417234409565517
48650,2141.6,4115.205188079934,0.0042178492812092235,0.0074385177699777425
48700,2144.8,4121.189823339857,0.00422330134418041,0.007430833567195556
48750,2147.35,4124.869722488214,0.004224707461428979,0.007433821384528236
48800,2148.95,4127.318711645613,0.004232357139214578,0.007434715619193829
48850,2151.7,4131.489587303833,0.004229444315272967,0.007428854294435356
48900,2153.45,4133.875923089613,0.004242652698569124,0.007456172774869991
48950,2157.1,4135.647553890442,0.004247957015778191,0.007467206895185758
49000,2158.9,4138.757565985232,0.004250995100791702,0.007476632965472815
49050,2162.3,4143.721565211639,0.004251281900103975,0.007477056834060906
49100,2163.65,4144.718582425108,0.004256076015990552,0.0074767660878845964
49150,2165.7,4146.885205790004,0.004269803995745113,0.007503452758130484
49200,2166.9,4148.987055896897,0.004268169333010963,0.007497478791205215
49250,2168.4,4150.566616740418,0.004269340973618336,0.007501533549281746
49300,2170.3,4152.637452270545,0.004273766776238652,0.0075072567258615535
49350,2174.05,4159.065886410072,0.004285745553378499,0.007527338046561557
49400,2177.8,4163.92423802355,0.004296893898109508,0.0075211491683293856
49450,2180.25,4166.99779067616,0.004307231915126645,0.007530479864778256
49500,2181.75,4168.288940020833,0.004312034115285564,0.007535088691458049
49550,2184.05,4172.621507817357,0.004313233963574659,0.007540646359444235
49600,2184.95,4174.1579806590935,0.004315781631183222,0.007555624451172869
49650,2186.3,4175.9085370731,0.0043277077400592,0.0075675324249603135
49700,2188.65,4180.8504550509815,0.004338143283998658,0.0075750246686937285
49750,2192.55,4185.154722050309,0.004349761844316468,0.0076034466475029565
49800,2193.9,4187.309731796778,0.004346915355211644,0.007598237275128205
49850,2196.3,4192.066174334561,0.004353226612484605,0.0076045799264948
49900,2199.5,4196.3175344580395,0.0043517910422457935,0.007603879609359132
49950,2201.15,4199.188972587444,0.004361052732617503,0.007616278994237309
50000,2203.2,4201.2609250081105,0.00436574189044223,0.007620593107556125
50050,2205.55,4204.884510601926,0.004363999058127026,0.007617550729880817
50100,2206.55,4206.743104528728,0.0043836626546196415,0.0076662895112676885
50150,2207.8,4209.203708541558,0.004386129223593306,0.007679187054258674
50200,2212.8,4212.258178222223,0.004393574006736365,0.007684929161455447
50250,2214.6,4215.016932350331,0.004394213985524318,0.007689160169515815
50300,2220.0,4215.961207127029,0.0043927457484011995,0.007689332459785307
50350,2221.15,4216.91247567459,0.0044060419625971394,0.007692543953571498
50400,2223.7,4220.717902205737,0.004409062660599141,0.007686942477201704
50450,2226.05,4224.7536789143105,0.004411720478321005,0.007683041879772094
50500,2238.65,4223.430125798223,0.0044206029780139,0.007688219579330441
50550,2240.55,4226.054039822491,0.004424852851795202,0.007696364456905929
50600,2245.65,4229.403909240639,0.004426270760213401,0.007694715293642498
50650,2247.3,4231.547885821452,0.004429798812820357,0.007704423906845763
50700,2251.8,4233.566742121825,0.004427523609105798,0.007689622833240923
50750,2253.9,4235.582721420985,0.00443442030624869,0.007705149682448685
50800,2256.25,4238.668067624546,0.004436084793079597,0.007703947082551977
50850,2258.4,4241.095264197681,0.004442328407431846,0.007702561239535309
50900,2260.25,4243.820329314143,0.004447344882011865,0.007723948230579668
50950,2261.25,4244.7528535239835,0.004445906607370119,0.007722624426741651
51000,2263.4,4246.952877063743,0.004444438366317811,0.007713071264045766
51050,2265.0,4249.33781900192,0.004454653456577242,0.0077173087709931755
51100,2266.75,4252.174889100871,0.004469637257552615,0.007719576002578159
51150,2273.65,4253.729402242225,0.004469983974747958,0.007729768606226433
51200,2275.65,4256.161830511147,0.004475205755139325,0.007737254543920176
51250,2277.15,4258.725540287845,0.0044885933653838255,0.007750006098962541
51300,2279.3,4261.41509477779,0.004496738667489634,0.007755516761699211
51350,2287.65,4268.154499019453,0.0045012281892689975,0.007755010071186523
51400,2289.2,4270.024690795125,0.004501696631717929,0.007757884395832996
51450,2294.6,4273.09037348849,0.004501842008445326,0.007760674020495917
51500,2298.05,4276.213365525626,0.004507289985555126,0.007761973513581861
51550,2301.1,4278.18616822597,0.004522406979128915,0.007774213720008298
51600,2302.8,4280.760114745978,0.004536094668883326,0.007786657866952787
51650,2307.45,4285.177516451332,0.004540150919036855,0.007795289536308717
51700,2313.2,4290.338303677229,0.0045450648246992565,0.007809400558207151
51750,2315.05,4293.373224808204,0.0045466221343319875,0.007813690618481384
51800,2317.05,4295.729582678593,0.004550575497400944,0.007813958865590094
51850,2319.7,4300.380402941117,0.0045531763215076685,0.007818089171409926
51900,2323.4,4303.438467086523,0.0045513987052957765,0.0078157545338386
51950,2328.45,4305.29032093075,0.00455350938059845,0.00782508032806292
52000,2330.2,4306.731261641478,0.00455826907877922,0.00782636565950935
52050,2333.05,4309.0006437107895,0.004561577093202153,0.007832387343393863
52100,2335.1,4311.505687112102,0.004572129884572179,0.00785039973496294
52150,2336.4,4313.385681804955,0.0045851827173166056,0.007875576681345333
52200,2337.85,4316.017936420098,0.004585436335185887,0.007878644108974769
52250,2339.8,4317.859407159987,0.00458563576262292,0.007876990440893518
52300,2343.15,4321.868892909641,0.004584635657600079,0.007875537425358832
52350,2346.6,4327.67645971831,0.004587400317662903,0.007878345485737986
52400,2349.5,4329.889288422973,0.004593644868669503,0.00788476414446757
52450,2358.45,4331.72769775525,0.0046075318270260126,0.007894130048582623
52500,2361.3,4334.5543957828,0.004612753640244479,0.007904919108135568
52550,2375.05,4336.482670033399,0.00461065992816829,0.007902284297552171
52600,2379.7,4342.406062311538,0.00461354915704072,0.007907296762145802
52650,2382.05,4344.398951235948,0.004614806850632778,0.007912048023883168
52700,2384.35,4348.206472501047,0.004625410288921732,0.00791480478442477
52750,2386.25,4349.294205672915,0.00464767833286415,0.007924891822012049
52800,2388.8,4351.67470751204,0.004652200888711269,0.007940975945191867
52850,2394.2,4352.924598473996,0.00465373705951534,0.007952229594050429
52900,2395.4,4354.397000733856,0.004657845135939787,0.007953644084735811
52950,2399.1,4361.185777973692,0.004678090569824304,0.007989966611875425
53000,2400.65,4363.271253027939,0.004676482719474779,0.007984146011055794
53050,2405.9,4367.23603552636,0.004675788771694058,0.007992146370221572
53100,2408.2,4369.216744452031,0.0046840185158634265,0.007995444485402256
53150,2410.1,4371.9686172249685,0.004690310522711084,0.008010181148897533
53200,2411.55,4373.826442315698,0.004691891345017294,0.008016701984202854
53250,2416.9,4377.15815227186,0.004698013306621793,0.008038191683110525
53300,2417.7,4378.098161302462,0.004704573687137534,0.008036820474583336
53350,2419.7,4380.332237399351,0.004710786477359009,0.008062689523415401
53400,2422.15,4383.223930795687,0.0047190283169959105,0.00809589946763827
53450,2424.3,4387.202959745537,0.00472497587137498,0.008109155901140195
53500,2426.5,4391.022733942515,0.004737884282229478,0.008118039334820278
53550,2427.55,4392.332529249124,0.004744274178023544,0.008128096311735786
53600,2429.7,4396.549204774126,0.004753208991727386,0.008134924558516742
53650,2433.1,4400.267638451098,0.004755566304540804,0.008143295684907577
53700,2434.45,4402.419760484,0.004754031226848121,0.008142341191218547
53750,2436.7,4406.502888913157,0.0047629021381899225,0.008148325159898677
53800,2451.4,4408.542813674378,0.004780447850275508,0.008168456682811428
53850,2453.45,4411.852904109564,0.004786122520942279,0.008179761016667658
53900,2454.6,4413.283917900592,0.004793749010446012,0.00820288697170483
53950,2457.25,4415.096611343856,0.004799397760955096,0.008205908977364092
54000,2459.6,4417.834575898016,0.004806995946958722,0.008206621420461652
54050,2462.4,4418.694517614903,0.004810919021888649,0.008212608284720768
54100,2463.9,4420.874064028515,0.004817287952712633,0.008231224528775952
54150,2466.5,4422.881690707994,0.004820471579896315,0.00823348749078271
54200,2467.8,4424.582258247664,0.004821582651618871,0.008236966092052486
54250,2470.2,4427.488132112835,0.004823546089864453,0.008237263403366656
54300,2472.05,4428.597492152566,0.004827381940313099,0.008246173327014873
54350,2474.55,4431.586233788078,0.004830046150556579,0.008239795313298843
54400,2480.25,4435.378246271675,0.004837239543197497,0.008239410402871648
54450,2482.25,4438.158749695644,0.004840449036011485,0.008242901751199728
54500,2486.25,4444.619802356552,0.0048472494325601505,0.008241142333773373
54550,2495.6,4446.113093478392,0.004859453602107899,0.008224701925236508
54600,2499.85,4449.609457862566,0.004864610686554469,0.008222787584840793
54650,2506.25,4450.046009593609,0.0048779011351905,0.008261457042639583
54700,2508.4,4452.682151243225,0.004884474236202823,0.008267943212276942
54750,2509.85,4455.012752787583,0.004896470729971455,0.008287649697089172
54800,2515.4,4456.25139999978,0.004908606679581897,0.008296007665205727
54850,2516.8,4458.416328697893,0.004909490100994919,0.008294775742805596
54900,2517.85,4460.281104089741,0.004920380636179739,0.008294713285116261
54950,2521.9,4459.7982230141315,0.004929576350562183,0.008315692771703775
55000,2527.25,4461.349581404712,0.0049466941072456375,0.00831343719258575
55050,2529.25,4465.006000835833,0.004943705739191491,0.008310981515782656
55100,2540.9,4468.954406793608,0.004952538232850452,0.008319369994259961
55150,2543.4,4470.66697932199,0.004956477574799897,0.008321405633781913
55200,2544.95,4473.145945249272,0.004957090369834172,0.00831755829596798
55250,2547.05,4475.675898397917,0.004972126240265228,0.008353951248957206
55300,2548.35,4476.86849566748,0.004982408999659664,0.008362788316997948
55350,2549.35,4478.11630348074,0.004983739011062414,0.008361942835671396
55400,2555.4,4478.806754036169,0.004982172045957323,0.008360175886254937
55450,2556.8,4480.635910225244,0.0049948768997723995,0.008376190226950435
55500,2560.15,4482.633425510054,0.004995151135825781,0.008371375510800982
55550,2562.8,4485.654373667236,0.005002096452960237,0.00837892296708314
55600,2564.75,4487.845862716321,0.005008207306545017,0.008374152251727296
55650,2571.65,4488.20319587917,0.005009053568797401,0.008377526330983832
55700,2572.5,4489.65871197355,0.005015603642210359,0.008382728842440243
55750,2573.6,4491.308922797451,0.0050211535642175715,0.008402564166448148
55800,2576.4,4492.988419749154,0.005020139344226986,0.008398807796925969
55850,2579.3,4494.919633319377,0.005022231312734154,0.00840929530687448
55900,2581.75,4498.512286023014,0.005023827641314515,0.008405601451642807
55950,2584.9,4501.407234410146,0.005034695947511084,0.00840327067567132
56000,2587.35,4503.8320936176115,0.00503521337237455,0.008404820593638394
56050,2590.0,4505.19827532596,0.0050417228900232775,0.008410641172473652
56100,2591.85,4507.832397893693,0.005038278463493708,0.008402942481843928
56150,2600.55,4508.057480500886,0.005038628164829438,0.008411026258861707
56200,2603.65,4510.670285833359,0.005034119967072394,0.008400913336515665
56250,2609.1,4513.0941924582075,0.005038796503848435,0.008403378524841758
56300,2610.85,4515.782460161251,0.005041881833290999,0.008404184160612092
56350,2613.5,4517.055539840085,0.005049118805609111,0.0084235900960071
56400,2615.25,4519.722667100273,0.005048734710401114,0.008420149467662166
56450,2618.9,4523.821447625889,0.005049360763358705,0.00841889434142767
56500,2621.0,4526.32261333635,0.005065268215466613,0.008424950366226912
56550,2623.5,4527.938432664472,0.0050721974592941015,0.008428387344558622
56600,2628.5,4531.442215233468,0.005074994861593555,0.00843183187527974
56650,2629.85,4533.137448555912,0.0050764455174936215,0.008436694533272098
56700,2631.95,4536.303004374819,0.005085924123828907,0.008446021523582927
56750,2633.9,4537.98519058844,0.00509176957489522,0.008451007782385363
56800,2636.3,4539.001234853324,0.00509975726923149,0.008458687423089707
56850,2637.7,4540.824727954163,0.005108099191362093,0.008463751883867825
56900,2640.4,4543.459633363105,0.005107137771500354,0.008463583467199318
56950,2641.6,4544.953128471184,0.005109754243894876,0.008466303234412184
57000,2644.85,4548.2103103858335,0.005120469689935147,0.008467967725546437
57050,2647.8,4550.049610718547,0.005129175933091048,0.008498507636524785
57100,2650.4,4550.494098446893,0.00512856378617184,0.008493619265726293
57150,2652.2,4551.981838715968,0.005136672342857079,0.008522811056812603
57200,2656.55,4555.845524982163,0.0051356443369350736,0.008523836259303048
57250,2659.75,4558.086614743076,0.005143420984375721,0.008535870546674977
57300,2661.6,4559.048348065636,0.00515018372071054,0.008557211941339871
57350,2662.9,4560.726213005994,0.005155261936844627,0.008566875156057764
57400,2665.95,4564.48641661907,0.00515554314368892,0.008569587307556983
57450,2667.8,4566.432706172292,0.005160265808645111,0.008569053516901171
57500,2669.0,4567.845827083046,0.00516550990330117,0.008572376304266282
57550,2671.15,4571.563849220527,0.00516955976314475,0.008574745923759737
57600,2674.15,4575.555936440948,0.00517318601962848,0.008576509296367425
57650,2677.25,4576.151799000991,0.005179860489050479,0.00858806201553988
57700,2679.05,4578.698936106195,0.005186485531540663,0.008583884044014684
57750,2682.15,4582.287390321563,0.005189541980644989,0.008582179592098164
57800,2685.05,4584.745636074045,0.005199068782465342,0.008581257333104208
57850,2688.25,4586.973739569477,0.005213770821754357,0.008604817857451527
57900,2693.3,4592.1743118048125,0.005217915348732933,0.008605256775729295
57950,2695.5,4594.892865998075,0.005217538723172767,0.008607393442093028
58000,2697.3,4598.817109866406,0.005223922971593841,0.008605907505920194
58050,2700.35,4601.98457488723,0.005224186806696609,0.008601937637243434
58100,2702.6,4603.827944222069,0.005229347412374649,0.008614628084832442
58150,2704.9,4607.87215425949,0.005233291232793011,0.008614378204094383
58200,2706.5,4610.125773772338,0.005236215791090283,0.008626960360408572
58250,2709.0,4613.216936152038,0.005240109323044166,0.008634666609939293
58300,2710.25,4615.182053559751,0.005240674625238454,0.00863400868712233
58350,2713.0,4618.281725923614,0.00524587652864555,0.008630756800381315
58400,2715.7,4620.595103447175,0.005259449110153489,0.008639897344221409
58450,2718.4,4621.769167753838,0.005268593761972104,0.008651984400375883
58500,2720.2,4624.018140102827,0.005270826047832494,0.008657932215273634
58550,2722.25,4626.262237216995,0.0052750957281151685,0.00867312924895854
58600,2723.8,4629.647854858941,0.005280909182889718,0.008675262510323125
58650,2727.25,4634.542888732394,0.005289283638830691,0.008674045762356272
58700,2731.0,4635.777108533152,0.005295933813334571,0.008676892289901537
58750,2733.25,4638.19071271331,0.0052956856846726776,0.008677447706090828
58800,2735.1,4639.740573566587,0.005304584513860175,0.008694147538350624
58850,2738.85,4643.729829296704,0.00530880332537623,0.008712489401340695
58900,2741.0,4646.173102672779,0.005317092264358451,0.008723807017775899
58950,2742.45,4647.236721698175,0.005315807317665607,0.008722284086696282
59000,2745.2,4648.529279245211,0.005338972131964078,0.00875768252537101
59050,2746.3,4650.439335159636,0.0053406546509774545,0.008757859124218845
59100,2748.8,4655.215608325784,0.005337660991011247,0.008756924083560422
59150,2751.25,4656.317363271108,0.0053472661453149994,0.008758751598142418
59200,2754.65,4660.340752294836,0.0053582730000130835,0.008764844755655263
59250,2757.65,4664.447054850125,0.005357123378920567,0.008761227253566381
59300,2759.4,4666.935133468216,0.00535890266145297,0.008762634202817034
59350,2761.45,4670.138033024292,0.005361381428293166,0.008766041957414176
59400,2764.0,4671.588445058062,0.005362396632244453,0.008762932209965487
59450,2765.5,4673.365120552855,0.005371257540706098,0.008765331472364102
59500,2768.45,4675.225293769275,0.005370506716687014,0.008771216657671513
59550,2770.25,4677.109704454237,0.005372749605192047,0.00877256801266682
59600,2773.05,4680.923279386237,0.005374201838429258,0.008776260337654128
59650,2775.85,4682.688835220636,0.005377286009656985,0.008786601726601912
59700,2780.15,4684.390571621884,0.005375340691357086,0.008784619482925651
59750,2782.1,4686.490476892063,0.005378243864255681,0.008790663376686542
59800,2784.65,4687.859066514266,0.005389983416317529,0.008791181373168241
59850,2788.15,4692.711074368419,0.005402783416759633,0.008808585682154375
59900,2791.6,4697.236244857182,0.005404010897465164,0.008813472686848053
59950,2796.4,4698.596677732618,0.005404698836837748,0.008817711985573733
60000,2800.0,4701.29146086477,0.005407662151018946,0.008816333554339681
60050,2803.05,4704.717552361672,0.005412476774065821,0.008813331474677857
60100,2803.75,4705.488294268725,0.005425173894206091,0.008825888964276085
60150,2807.2,4710.514500561483,0.005436044625943248,0.008856024736158076
60200,2810.9,4711.455315504966,0.005440775372436034,0.00885200425348637
60250,2813.8,4714.674618677305,0.005445839366465849,0.008850199477597456
60300,2815.0,4715.790326127742,0.005452945586592659,0.008859133001788392
60350,2818.25,4718.082914436753,0.005456328284661133,0.008853034292143295
60400,2822.8,4719.898130256626,0.0054571077947879855,0.00886007962027417
60450,2825.25,4722.391754979673,0.005461817220906604,0.008865625129914801
60500,2826.85,4724.107262488861,0.005464589493327813,0.00887428672354809
60550,2832.05,4725.526166206257,0.00547659884527719,0.008892728497231054
60600,2834.8,4727.721180442011,0.005479760085438143,0.008898784169726863
60650,2837.55,4730.313377303875,0.005487582692434248,0.008903963250453456
60700,2843.8,4733.710749507198,0.005492480149770622,0.008900641243856295
60750,2844.95,4735.489757934231,0.0054943953554627886,0.008897979838817538
60800,2849.05,4737.837401969384,0.005494633090396413,0.008892471657424097
60850,2851.95,4738.500295188342,0.005505797369817959,0.008910113662321539
60900,2855.15,4742.580102380982,0.005513065863227876,0.00891456653716964
60950,2858.6,4744.967822862448,0.005513438395710102,0.008914401012294737
61000,2862.8,4749.225985358035,0.005514669551144967,0.008917157662496403
61050,2864.3,4750.616582087003,0.005525434247592963,0.008936863706587132
61100,2868.1,4750.559187085242,0.005532127277532133,0.008954092580568207
61150,2874.0,4754.458686328024,0.005532187867960174,0.008956190394953097
61200,2875.75,4756.381207125854,0.005537478496861677,0.008955778998005414
61250,2878.9,4758.758545040922,0.005542405191138864,0.008960204467235545
61300,2880.65,4760.063878510456,0.0055446661143911825,0.00896022893600423
61350,2886.45,4764.762192124598,0.005546893340484251,0.00896224643270656
61400,2887.8,4766.237201399023,0.005558239904751004,0.008978037926894323
61450,2889.3,4767.848090071662,0.0055620452812809125,0.00897946892964041
61500,2891.8,4770.208890604268,0.005564563198327331,0.008986496455738766
61550,2894.3,4772.305754035464,0.005566527115330144,0.008992060024435752
61600,2897.15,4776.570425263297,0.005571139682813167,0.00899006478474306
61650,2900.75,4778.120999671314,0.005576624559536717,0.008988455874280446
61700,2902.4,4779.7576131013175,0.005580572752733741,0.008997887240840934
61750,2905.4,4782.470255004207,0.005586595686011149,0.008994854522169646
61800,2909.7,4787.159628631575,0.005592587551540176,0.009019019958272144
61850,2914.35,4788.9670731275655,0.005601226682734426,0.00903668885176042
61900,2915.95,4790.92171168555,0.005606869842189303,0.009040073118210397
61950,2918.1,4793.506533843466,0.005608267721963829,0.009046408747038824
62000,2920.7,4795.4031123566665,0.005614401289389925,0.00905243959208293
62050,2922.25,4797.10027907485,0.005612422374135236,0.009048238661939385
62100,2923.65,4799.60050707348,0.0056225363321063,0.009052083343721982
62150,2925.85,4801.405234668284,0.005625530870740686,0.009058923876531552
62200,2927.75,4803.965631382057,0.00562932973641545,0.009069582183747262
62250,2929.55,4806.392612708621,0.005628500483756448,0.009066023087650183
62300,2932.9,4810.880645994037,0.005634767747623547,0.009086138801483828
62350,2934.55,4812.087982102988,0.005636828090481839,0.009095114237112066
62400,2936.7,4814.138896002067,0.005636250056794687,0.009095303402167096
62450,2938.7,4816.397025785976,0.0056412233976480914,0.009109817420473525
62500,2940.75,4819.029652066897,0.005645508462172352,0.00912317060801011
62550,2944.6,4823.586097500489,0.005664986005911805,0.009146470121863627
62600,2946.15,4825.162342087569,0.005665706546808872,0.009151261013947833
62650,2948.35,4827.279329757083,0.005672045405862237,0.009165820570852034
62700,2955.25,4829.816340969913,0.0056767803134777275,0.009168179013851403
62750,2957.45,4832.473088129927,0.005684836145902081,0.009180141921773372
62800,2959.45,4833.8115237874135,0.005695226154801792,0.009176388128341435
62850,2962.9,4837.332869464329,0.005699227503590916,0.009177826432469725
62900,2965.45,4841.709702935525,0.005702527226101691,0.009176900774150528
62950,2966.9,4842.746131070676,0.005715058063462934,0.009186290972043626
63000,2980.0,4843.81144348126,0.005717010920339476,0.009196714063417103
63050,2984.55,4845.254219078705,0.005723905682637461,0.009203456585647812
63100,2986.1,4846.676550998633,0.005730018959118888,0.009214691906767665
63150,2988.0,4849.207481640686,0.0057447707061905875,0.009221242380000784
63200,2990.25,4849.92334862109,0.005759572041186307,0.009239939756756927
63250,2992.65,4854.47090088096,0.005765389170622836,0.009258200704632064
63300,2997.35,4858.241783557092,0.005771297430271252,0.009253068573706218
63350,2999.75,4859.96235453527,0.00578690843894548,0.009263545987007581
63400,3004.6,4861.512351110506,0.005791952181203904,0.009280189991485577
63450,3005.6,4862.841663060807,0.0057956310598266765,0.009283726160013843
63500,3007.65,4864.992376921057,0.00579284296971225,0.009278127562844749
63550,3008.7,4865.958868506802,0.005795809705774388,0.009290461193534834
63600,3010.2,4866.61293509151,0.005802828270879805,0.00930419295964132
63650,3020.05,4870.307120449387,0.005806568400662525,0.009297926107468301
63700,3022.3,4871.510629158064,0.005820926624395103,0.009330059305290413
63750,3024.1,4873.231750081254,0.005824275237655667,0.009329017750014787
63800,3028.6,4874.7756912498035,0.005823752131366618,0.00932792624347455
63850,3033.1,4874.970716835128,0.0058316333673771705,0.009345755567444677
63900,3035.65,4876.958440206355,0.00582825395106392,0.009341119434921311
63950,3038.55,4879.442964878266,0.005825473754444673,0.009333347030018384
64000,3040.8,4882.042539757309,0.005826628601497403,0.00933309836281656
64050,3043.15,4884.531229043377,0.005830302289561584,0.00934717248576211
64100,3048.75,4887.56626425668,0.005840170059943972,0.009344131373625776
64150,3050.9,4889.602119804842,0.00584802704138807,0.009363087525637283
64200,3054.4,4892.176758867161,0.00585239548861676,0.009366888559758634
64250,3063.6,4889.777003095335,0.0058537312641233335,0.009356927448013266
64300,3067.4,4894.327445114395,0.005857826407844532,0.009358155514285448
64350,3069.05,4895.761590141007,0.005859969272090189,0.00936903292930875
64400,3070.75,4897.006451649824,0.005867229888800654,0.009387551086189822
64450,3073.35,4898.951196684858,0.005868605291954139,0.009389173055178765
64500,3075.55,4900.78845161674,0.005874303807376428,0.009392936639893391
64550,3078.8,4903.052596087462,0.0058792998005236805,0.009389589385431074
64600,3084.05,4907.155086962302,0.0058839624547566815,0.009393445545826287
64650,3087.3,4909.8697752588105,0.005887195017342157,0.00939931406464232
64700,3089.4,4911.491824283127,0.005899191281971811,0.009425979514403587
64750,3092.15,4912.980249044362,0.005903541178290419,0.009428430809619262
64800,3093.75,4914.761295068154,0.005913660156383299,0.009434672134840538
64850,3095.6,4917.962346338166,0.00591518171094811,0.009435225677717178
64900,3098.15,4921.379951548142,0.005918969675629191,0.009445290747815005
64950,3101.2,4925.603948755929,0.005918937836830921,0.009445440562485556
65000,3104.95,4928.87398373097,0.00593350550495362,0.009445310557491125
65050,3108.7,4932.468571618069,0.005940768747790196,0.009458103424018685
65100,3112.65,4936.304551737058,0.00595048412809448,0.009473308590351821
65150,3114.05,4937.328422082128,0.005950353118450264,0.009473795592282836
65200,3118.35,4938.523527077704,0.005959154315429054,0.009464695865130782
65250,3122.6,4938.543716522108,0.00595978734959346,0.009475959720461826
65300,3127.25,4941.822891150592,0.005957509707870161,0.009473936929999857
65350,3129.3,4943.101244158367,0.005957333227812665,0.00947495564696027
65400,3131.4,4944.716477210802,0.005964925264321323,0.009497424643371995
65450,3133.1,4946.08017423899,0.005967685943543699,0.009498989925654617
65500,3134.2,4946.835206472922,0.005972313257033895,0.009522155490110634
65550,3138.15,4948.965096613635,0.0059735396621327565,0.00952165854277382
65600,3140.4,4950.56051775958,0.005974710103223203,0.009520047470795465
65650,3142.05,4952.048974666951,0.005986071868114678,0.009534283582439523
65700,3145.2,4954.616943821187,0.005989596577109203,0.009534606886209343
65750,3147.45,4957.632625306155,0.0060036974338770165,0.009540358332189126
65800,3150.05,4959.111729685065,0.0060067963028307145,0.009543498830835771
65850,3156.3,4959.107813911692,0.006006856631267066,0.009545302231707615
65900,3157.25,4960.368331837868,0.006017600447683044,0.009555764227087107
65950,3159.15,4962.617699108002,0.0060199416614214974,0.009560132442520183
66000,3163.25,4966.9295231057995,0.006029447814979558,0.009571442945845117
66050,3167.8,4967.564560224658,0.006035126659395917,0.009589232741997257
66100,3169.6,4968.178412657903,0.006035050233434726,0.009585867310017046
66150,3171.7,4971.33207601343,0.006041739314579093,0.009586367864260143
66200,3173.6,4971.693960814563,0.006045759901712177,0.009597079520249827
66250,3175.6,4974.60650102096,0.006051128883194388,0.009603607726230272
66300,3176.85,4976.349658886522,0.00605371069621954,0.009609561315147683
66350,3179.25,4978.048180512117,0.006060897921679344,0.00961570050827159
66400,3181.4,4979.091738459937,0.00607375372631831,0.009617493926759223
66450,3186.45,4979.0951534892365,0.0060816806425585904,0.0096282122814042
66500,3189.3,4982.758714808494,0.006083801225367054,0.009633098985425146
66550,3194.1,4983.030322002867,0.0060901573574510546,0.009640065468474563
66600,3197.8,4984.063458665028,0.006098109546873265,0.009641331271469251
