EDGES=66626.0, ITERATIONS=1,DATE=2018-03-12 19:38
Number of edges,Largest component size,LCS uncertainty,Average Clustering Coefficient,ACC uncertainty
0,2.0,0.0,0.0,0.0
100,4.0,0.0,0.0,0.0
200,4.0,0.0,0.0,0.0
300,8.0,0.0,0.0,0.0
400,8.0,0.0,0.0,0.0
500,12.0,0.0,0.0,0.0
600,12.0,0.0,0.0,0.0
700,14.0,0.0,0.0,0.0
800,14.0,0.0,0.0,0.0
900,14.0,0.0,0.0,0.0
1000,14.0,0.0,0.0,0.0
1100,16.0,0.0,0.0,0.0
1200,16.0,0.0,0.0,0.0
1300,29.0,0.0,0.0,0.0
1400,47.0,0.0,0.0,0.0
1500,47.0,0.0,0.0,0.0
1600,47.0,0.0,0.0,0.0
1700,61.0,0.0,0.0,0.0
1800,66.0,0.0,0.0,0.0
1900,75.0,0.0,0.0,0.0
2000,75.0,0.0,0.0,0.0
2100,75.0,0.0,0.0,0.0
2200,75.0,0.0,0.0,0.0
2300,75.0,0.0,0.0,0.0
2400,76.0,0.0,0.0,0.0
2500,90.0,0.0,0.0,0.0
2600,167.0,0.0,0.0,0.0
2700,171.0,0.0,0.0,0.0
2800,174.0,0.0,0.0,0.0
2900,174.0,0.0,0.0,0.0
3000,174.0,0.0,0.0,0.0
3100,176.0,0.0,0.0,0.0
3200,176.0,0.0,0.0,0.0
3300,186.0,0.0,0.0,0.0
3400,190.0,0.0,0.0,0.0
3500,214.0,0.0,0.0,0.0
3600,217.0,0.0,0.0,0.0
3700,228.0,0.0,0.0,0.0
3800,239.0,0.0,0.0,0.0
3900,256.0,0.0,0.0,0.0
4000,487.0,0.0,0.0,0.0
4100,504.0,0.0,0.0,0.0
4200,540.0,0.0,0.0,0.0
4300,554.0,0.0,0.0,0.0
4400,758.0,0.0,0.0,0.0
4500,994.0,0.0,0.0,0.0
4600,1161.0,0.0,0.0,0.0
4700,1355.0,0.0,0.0,0.0
4800,1485.0,0.0,0.0,0.0
4900,1558.0,0.0,0.0,0.0
5000,1615.0,0.0,0.0,0.0
5100,1681.0,0.0,0.0,0.0
5200,1726.0,0.0,0.0,0.0
5300,1809.0,0.0,0.0,0.0
5400,1973.0,0.0,0.0,0.0
5500,2157.0,0.0,0.0,0.0
5600,2200.0,0.0,0.0,0.0
5700,2313.0,0.0,0.0,0.0
5800,2493.0,0.0,0.0,0.0
5900,2602.0,0.0,0.0,0.0
6000,2689.0,0.0,0.0,0.0
6100,2839.0,0.0,0.0,0.0
6200,2960.0,0.0,0.0,0.0
6300,3101.0,0.0,0.0,0.0
6400,3235.0,0.0,0.0,0.0
6500,3310.0,0.0,0.0,0.0
6600,3425.0,0.0,0.0,0.0
6700,3517.0,0.0,0.0,0.0
6800,3630.0,0.0,0.0,0.0
6900,3774.0,0.0,0.0,0.0
7000,3884.0,0.0,0.0,0.0
7100,4074.0,0.0,0.0,0.0
7200,4213.0,0.0,0.0,0.0
7300,4293.0,0.0,0.0,0.0
7400,4391.0,0.0,0.0,0.0
7500,4493.0,0.0,0.0,0.0
7600,4570.0,0.0,0.0,0.0
7700,4690.0,0.0,0.0,0.0
7800,4802.0,0.0,0.0,0.0
7900,4906.0,0.0,0.0,0.0
8000,5029.0,0.0,0.0,0.0
8100,5103.0,0.0,0.0,0.0
8200,5212.0,0.0,0.0,0.0
8300,5262.0,0.0,0.0,0.0
8400,5372.0,0.0,0.0,0.0
8500,5457.0,0.0,0.0,0.0
8600,5535.0,0.0,0.0,0.0
8700,5613.0,0.0,0.0,0.0
8800,5703.0,0.0,0.0,0.0
8900,5792.0,0.0,0.0,0.0
9000,5923.0,0.0,0.0,0.0
9100,6017.0,0.0,0.0,0.0
9200,6093.0,0.0,0.0,0.0
9300,6193.0,0.0,0.0,0.0
9400,6328.0,0.0,0.0,0.0
9500,6420.0,0.0,0.0,0.0
9600,6507.0,0.0,0.0,0.0
9700,6639.0,0.0,0.0,0.0
9800,6731.0,0.0,0.0,0.0
9900,6821.0,0.0,0.0,0.0
10000,6895.0,0.0,0.0,0.0
10100,6984.0,0.0,0.0,0.0
10200,7073.0,0.0,0.0,0.0
10300,7171.0,0.0,0.0,0.0
10400,7243.0,0.0,0.0,0.0
10500,7348.0,0.0,0.0,0.0
10600,7452.0,0.0,0.0,0.0
10700,7535.0,0.0,0.0,0.0
10800,7637.0,0.0,0.0,0.0
10900,7720.0,0.0,0.0,0.0
11000,7808.0,0.0,0.0,0.0
11100,7921.0,0.0,8.621533668550253e-06,0.0
11200,8002.0,0.0,8.621533668550253e-06,0.0
11300,8096.0,0.0,8.621533668550253e-06,0.0
11400,8180.0,0.0,8.621533668550253e-06,0.0
11500,8248.0,0.0,8.621533668550253e-06,0.0
11600,8354.0,0.0,8.621533668550253e-06,0.0
11700,8468.0,0.0,8.621533668550253e-06,0.0
11800,8551.0,0.0,8.621533668550253e-06,0.0
11900,8625.0,0.0,8.621533668550253e-06,0.0
12000,8708.0,0.0,8.621533668550253e-06,0.0
12100,8800.0,0.0,8.621533668550253e-06,0.0
12200,8901.0,0.0,8.621533668550253e-06,0.0
12300,8989.0,0.0,8.621533668550253e-06,0.0
12400,9065.0,0.0,8.621533668550253e-06,0.0
12500,9148.0,0.0,8.621533668550253e-06,0.0
12600,9209.0,0.0,8.621533668550253e-06,0.0
12700,9288.0,0.0,8.621533668550253e-06,0.0
12800,9355.0,0.0,8.621533668550253e-06,0.0
12900,9446.0,0.0,8.621533668550253e-06,0.0
13000,9524.0,0.0,8.621533668550253e-06,0.0
13100,9597.0,0.0,8.621533668550253e-06,0.0
13200,9678.0,0.0,8.621533668550253e-06,0.0
13300,9761.0,0.0,8.621533668550253e-06,0.0
13400,9845.0,0.0,1.0904778813823094e-05,0.0
13500,9939.0,0.0,1.0904778813823094e-05,0.0
13600,10015.0,0.0,1.0904778813823094e-05,0.0
13700,10071.0,0.0,1.0904778813823094e-05,0.0
13800,10133.0,0.0,1.0826496123128026e-05,0.0
13900,10217.0,0.0,1.0763869970571971e-05,0.0
14000,10311.0,0.0,1.0763869970571971e-05,0.0
14100,10384.0,0.0,1.0712986221620176e-05,0.0
14200,10486.0,0.0,1.0712986221620176e-05,0.0
14300,10548.0,0.0,1.0712986221620176e-05,0.0
14400,10617.0,0.0,1.0712986221620176e-05,0.0
14500,10697.0,0.0,1.0712986221620176e-05,0.0
14600,10780.0,0.0,1.0712986221620176e-05,0.0
14700,10863.0,0.0,1.0712986221620176e-05,0.0
14800,10948.0,0.0,1.0712986221620176e-05,0.0
14900,11016.0,0.0,1.0712986221620176e-05,0.0
15000,11073.0,0.0,1.0712986221620176e-05,0.0
15100,11131.0,0.0,1.0712986221620176e-05,0.0
15200,11205.0,0.0,1.0712986221620176e-05,0.0
15300,11284.0,0.0,1.3953842900382824e-05,0.0
15400,11352.0,0.0,1.3403101147022222e-05,0.0
15500,11417.0,0.0,1.0553611205721718e-05,0.0
15600,11487.0,0.0,1.0553611205721718e-05,0.0
15700,11549.0,0.0,1.0553611205721718e-05,0.0
15800,11633.0,0.0,1.0553611205721718e-05,0.0
15900,11705.0,0.0,1.0553611205721718e-05,0.0
16000,11791.0,0.0,1.0553611205721718e-05,0.0
16100,11871.0,0.0,1.0553611205721718e-05,0.0
16200,11926.0,0.0,1.0553611205721718e-05,0.0
16300,12000.0,0.0,1.0553611205721718e-05,0.0
16400,12094.0,0.0,1.0518690985852839e-05,0.0
16500,12141.0,0.0,1.0518690985852839e-05,0.0
16600,12214.0,0.0,1.0518690985852839e-05,0.0
16700,12281.0,0.0,1.0489284484910625e-05,0.0
16800,12366.0,0.0,2.138733373409502e-05,0.0
16900,12427.0,0.0,2.138733373409502e-05,0.0
17000,12485.0,0.0,2.1347405816257247e-05,0.0
17100,12566.0,0.0,2.1347405816257247e-05,0.0
17200,12620.0,0.0,2.1331316093268537e-05,0.0
17300,12673.0,0.0,2.1331316093268537e-05,0.0
17400,12746.0,0.0,2.1331316093268537e-05,0.0
17500,12811.0,0.0,2.1331316093268537e-05,0.0
17600,12872.0,0.0,3.2816964848759034e-05,0.0
17700,12934.0,0.0,2.8519381273409657e-05,0.0
17800,12995.0,0.0,2.7705241290180937e-05,0.0
17900,13072.0,0.0,2.7705241290180937e-05,0.0
18000,13133.0,0.0,2.7705241290180937e-05,0.0
18100,13200.0,0.0,2.7705241290180937e-05,0.0
18200,13278.0,0.0,2.7366016297168976e-05,0.0
18300,13340.0,0.0,2.7366016297168976e-05,0.0
18400,13407.0,0.0,2.7366016297168976e-05,0.0
18500,13466.0,0.0,2.7366016297168976e-05,0.0
18600,13518.0,0.0,2.71285588020606e-05,0.0
18700,13579.0,0.0,2.569407198545718e-05,0.0
18800,13653.0,0.0,2.9234015258688195e-05,0.0
18900,13695.0,0.0,3.232863686199316e-05,0.0
19000,13754.0,0.0,3.232863686199316e-05,0.0
19100,13826.0,0.0,3.232863686199316e-05,0.0
19200,13881.0,0.0,3.424063227715151e-05,0.0
19300,13927.0,0.0,3.840892461436161e-05,0.0
19400,13978.0,0.0,3.678064464790418e-05,0.0
19500,14035.0,0.0,3.678064464790418e-05,0.0
19600,14093.0,0.0,3.6771946571160285e-05,0.0
19700,14145.0,0.0,3.595000831223014e-05,0.0
19800,14201.0,0.0,3.595000831223014e-05,0.0
19900,14262.0,0.0,3.595000831223014e-05,0.0
20000,14320.0,0.0,3.595000831223014e-05,0.0
20100,14367.0,0.0,3.595000831223014e-05,0.0
20200,14410.0,0.0,3.595000831223014e-05,0.0
20300,14457.0,0.0,3.595000831223014e-05,0.0
20400,14509.0,0.0,3.595000831223014e-05,0.0
20500,14566.0,0.0,3.5777311952151326e-05,0.0
20600,14635.0,0.0,3.5777311952151326e-05,0.0
20700,14683.0,0.0,3.5777311952151326e-05,0.0
20800,14734.0,0.0,3.5777311952151326e-05,0.0
20900,14798.0,0.0,3.5777311952151326e-05,0.0
21000,14855.0,0.0,3.5777311952151326e-05,0.0
21100,14909.0,0.0,4.149451107990131e-05,0.0
21200,14962.0,0.0,4.149451107990131e-05,0.0
21300,15017.0,0.0,4.149451107990131e-05,0.0
21400,15065.0,0.0,4.098567359038336e-05,0.0
21500,15119.0,0.0,4.098567359038336e-05,0.0
21600,15165.0,0.0,4.098567359038336e-05,0.0
21700,15204.0,0.0,4.098567359038336e-05,0.0
21800,15264.0,0.0,4.063943014924012e-05,0.0
21900,15322.0,0.0,4.063943014924012e-05,0.0
22000,15368.0,0.0,4.063943014924012e-05,0.0
22100,15427.0,0.0,4.063943014924012e-05,0.0
22200,15476.0,0.0,4.06330909057667e-05,0.0
22300,15538.0,0.0,4.06330909057667e-05,0.0
22400,15587.0,0.0,4.061700118277799e-05,0.0
22500,15647.0,0.0,4.061700118277799e-05,0.0
22600,15694.0,0.0,4.061125624338021e-05,0.0
22700,15736.0,0.0,4.061125624338021e-05,0.0
22800,15785.0,0.0,4.059717773576509e-05,0.0
22900,15820.0,0.0,4.059717773576509e-05,0.0
23000,15867.0,0.0,4.059717773576509e-05,0.0
23100,15914.0,0.0,4.008834024624714e-05,0.0
23200,15959.0,0.0,4.008834024624714e-05,0.0
23300,16007.0,0.0,3.9274200263018425e-05,0.0
23400,16054.0,0.0,3.9274200263018425e-05,0.0
23500,16094.0,0.0,3.9274200263018425e-05,0.0
23600,16141.0,0.0,3.846006027978971e-05,0.0
23700,16203.0,0.0,3.846006027978971e-05,0.0
23800,16249.0,0.0,3.8454837607609914e-05,0.0
23900,16290.0,0.0,3.8454837607609914e-05,0.0
24000,16335.0,0.0,3.760677512508e-05,0.0
24100,16377.0,0.0,3.7477252855020885e-05,0.0
24200,16413.0,0.0,3.7477252855020885e-05,0.0
24300,16454.0,0.0,3.7477252855020885e-05,0.0
24400,16499.0,0.0,3.7477252855020885e-05,0.0
24500,16552.0,0.0,3.7477252855020885e-05,0.0
24600,16579.0,0.0,3.7477252855020885e-05,0.0
24700,16630.0,0.0,4.49741252005853e-05,0.0
24800,16680.0,0.0,4.49741252005853e-05,0.0
24900,16715.0,0.0,4.4465287711067355e-05,0.0
25000,16760.0,0.0,4.411367363135408e-05,0.0
25100,16815.0,0.0,4.411367363135408e-05,0.0
25200,16860.0,0.0,4.850789528635741e-05,0.0
25300,16901.0,0.0,4.850789528635741e-05,0.0
25400,16936.0,0.0,5.172986231484655e-05,0.0
25500,16963.0,0.0,0.00011943852662623003,0.0
25600,16985.0,0.0,0.00012040212951694478,0.0
25700,16997.0,0.0,0.00014716008983071453,0.0
25800,17020.0,0.0,0.00021754700376085668,0.0
25900,17045.0,0.0,0.00021743641166872927,0.0
26000,17074.0,0.0,0.0002161134341959826,0.0
26100,17105.0,0.0,0.0002154969075148274,0.0
26200,17151.0,0.0,0.0002154969075148274,0.0
26300,17193.0,0.0,0.0002154969075148274,0.0
26400,17231.0,0.0,0.0002154969075148274,0.0
26500,17269.0,0.0,0.00022018423456248963,0.0
26600,17309.0,0.0,0.0002201592390366888,0.0
26700,17345.0,0.0,0.0002201592390366888,0.0
26800,17375.0,0.0,0.0002199217815415804,0.0
26900,17414.0,0.0,0.00021989061495922648,0.0
27000,17453.0,0.0,0.00021969941541771066,0.0
27100,17501.0,0.0,0.00022204084695081686,0.0
27200,17540.0,0.0,0.00022352948324882226,0.0
27300,17570.0,0.0,0.0002245584024688853,0.0
27400,17600.0,0.0,0.00022357156612557775,0.0
27500,17635.0,0.0,0.00022357156612557775,0.0
27600,17662.0,0.0,0.0002246293313310605,0.0
27700,17691.0,0.0,0.0002246293313310605,0.0
27800,17732.0,0.0,0.0002478843020866355,0.0
27900,17768.0,0.0,0.00024764684459152716,0.0
28000,17798.0,0.0,0.00024764684459152716,0.0
28100,17840.0,0.0,0.00024764684459152716,0.0
28200,17868.0,0.0,0.0002476358850148298,0.0
28300,17912.0,0.0,0.00024750636274477073,0.0
28400,17954.0,0.0,0.0002475020090550208,0.0
28500,17988.0,0.0,0.0002475020090550208,0.0
28600,18025.0,0.0,0.000247451125306069,0.0
28700,18056.0,0.0,0.0002473724094305243,0.0
28800,18095.0,0.0,0.0002501500813217774,0.0
28900,18115.0,0.0,0.000251815603836077,0.0
29000,18159.0,0.0,0.0002657635390980503,0.0
29100,18191.0,0.0,0.0002651831448103355,0.0
29200,18223.0,0.0,0.0002695383015643765,0.0
29300,18259.0,0.0,0.0002707510823938339,0.0
29400,18294.0,0.0,0.0002707510823938339,0.0
29500,18326.0,0.0,0.0002716170131447123,0.0
29600,18359.0,0.0,0.00027422811579649387,0.0
29700,18391.0,0.0,0.00024317198970914372,0.0
29800,18427.0,0.0,0.00024391623978038085,0.0
29900,18465.0,0.0,0.0002489322466770511,0.0
30000,18500.0,0.0,0.0002353021439887275,0.0
30100,18526.0,0.0,0.00023382252438685472,0.0
30200,18561.0,0.0,0.00023346922187213905,0.0
30300,18587.0,0.0,0.00023316261931829462,0.0
30400,18616.0,0.0,0.00023305796772126017,0.0
30500,18638.0,0.0,0.00023407544226487493,0.0
30600,18666.0,0.0,0.00024179156663416186,0.0
30700,18703.0,0.0,0.00024170775810647654,0.0
30800,18731.0,0.0,0.00024169801626052338,0.0
30900,18761.0,0.0,0.00024169801626052338,0.0
31000,18788.0,0.0,0.00023853804714339585,0.0
31100,18817.0,0.0,0.00023566663804870072,0.0
31200,18836.0,0.0,0.00025052959119678775,0.0
31300,18879.0,0.0,0.0002490422200735815,0.0
31400,18898.0,0.0,0.0002490251039899526,0.0
31500,18936.0,0.0,0.0002490110254823375,0.0
31600,18960.0,0.0,0.00024887628054009856,0.0
31700,18993.0,0.0,0.000245948507908103,0.0
31800,19021.0,0.0,0.00024587808347984553,0.0
31900,19054.0,0.0,0.0002458733216316816,0.0
32000,19081.0,0.0,0.00024781099730443516,0.0
32100,19094.0,0.0,0.0002478049952602979,0.0
32200,19119.0,0.0,0.0002576720772651847,0.0
32300,19138.0,0.0,0.0002575646464740532,0.0
32400,19171.0,0.0,0.00025753646619013873,0.0
32500,19199.0,0.0,0.0002575277481660308,0.0
32600,19223.0,0.0,0.0002635668133059738,0.0
32700,19252.0,0.0,0.00026205814938797065,0.0
32800,19276.0,0.0,0.00026178897642997105,0.0
32900,19300.0,0.0,0.00026176398090417015,0.0
33000,19327.0,0.0,0.00026163280690532433,0.0
33100,19351.0,0.0,0.0002615701807527683,0.0
33200,19376.0,0.0,0.0002663807239901045,0.0
33300,19412.0,0.0,0.00026885109223374936,0.0
33400,19440.0,0.0,0.0002687095554544766,0.0
33500,19493.0,0.0,0.00026869007176257026,0.0
33600,19512.0,0.0,0.0002686481674987276,0.0
33700,19538.0,0.0,0.0002684107100036192,0.0
33800,19553.0,0.0,0.0002680244732549181,0.0
33900,19573.0,0.0,0.00027331004390243136,0.0
34000,19594.0,0.0,0.0002732130541113943,0.0
34100,19617.0,0.0,0.0002730403577513155,0.0
34200,19637.0,0.0,0.00027222354470059966,0.0
34300,19658.0,0.0,0.0002721609185480436,0.0
34400,19675.0,0.0,0.00027574341913857975,0.0
34500,19697.0,0.0,0.00027594471453420044,0.0
34600,19715.0,0.0,0.0002849087163093832,0.0
34700,19751.0,0.0,0.00028468437383950856,0.0
34800,19769.0,0.0,0.00028410315055768374,0.0
34900,19792.0,0.0,0.00028374619034299617,0.0
35000,19816.0,0.0,0.00028359524333653634,0.0
35100,19843.0,0.0,0.00028341359182599635,0.0
35200,19871.0,0.0,0.0002818768252532147,0.0
35300,19891.0,0.0,0.0002816795885242029,0.0
35400,19914.0,0.0,0.0002892577170890237,0.0
35500,19940.0,0.0,0.0002881420036874512,0.0
35600,19963.0,0.0,0.00028795378796443575,0.0
35700,19985.0,0.0,0.00028744495047491783,0.0
35800,20010.0,0.0,0.0003335057327633719,0.0
35900,20031.0,0.0,0.0003331997892078554,0.0
36000,20051.0,0.0,0.0003425533097328762,0.0
36100,20070.0,0.0,0.00034190138177722873,0.0
36200,20094.0,0.0,0.0003435250500710357,0.0
36300,20118.0,0.0,0.0003430868582430555,0.0
36400,20148.0,0.0,0.0003429289533558245,0.0
36500,20172.0,0.0,0.00034234800941600576,0.0
36600,20204.0,0.0,0.00034410861353600887,0.0
36700,20220.0,0.0,0.0003443644694280224,0.0
36800,20243.0,0.0,0.0003443280953867549,0.0
36900,20271.0,0.0,0.0003443280953867549,0.0
37000,20294.0,0.0,0.0003440775114966143,0.0
37100,20314.0,0.0,0.00035129900537306296,0.0
37200,20331.0,0.0,0.00036093790889025633,0.0
37300,20345.0,0.0,0.00035901924244713173,0.0
37400,20369.0,0.0,0.0003562394639608364,0.0
37500,20389.0,0.0,0.00037027814106346173,0.0
37600,20407.0,0.0,0.00037002512289245317,0.0
37700,20434.0,0.0,0.0003707495065446098,0.0
37800,20460.0,0.0,0.0003742073347434691,0.0
37900,20482.0,0.0,0.0003741952331340881,0.0
38000,20498.0,0.0,0.000390502624668954,0.0
38100,20517.0,0.0,0.0003904992468951971,0.0
38200,20546.0,0.0,0.0003902005227424095,0.0
38300,20569.0,0.0,0.000390009281426254,0.0
38400,20591.0,0.0,0.0003914816769196962,0.0
38500,20608.0,0.0,0.0004350157047602228,0.0
38600,20635.0,0.0,0.0004356466677115583,0.0
38700,20643.0,0.0,0.0004355647505692519,0.0
38800,20666.0,0.0,0.0004355262798161203,0.0
38900,20679.0,0.0,0.00048409337469307827,0.0
39000,20701.0,0.0,0.0004839862053872412,0.0
39100,20716.0,0.0,0.0004835375976017876,0.0
39200,20740.0,0.0,0.0004833483708524067,0.0
39300,20762.0,0.0,0.0004816823104358626,0.0
39400,20770.0,0.0,0.00048151733936262155,0.0
39500,20796.0,0.0,0.0004814664556136698,0.0
39600,20827.0,0.0,0.00048135148756596366,0.0
39700,20846.0,0.0,0.00048500103692513487,0.0
39800,20860.0,0.0,0.00048486923737435213,0.0
39900,20884.0,0.0,0.00048485334509188285,0.0
40000,20907.0,0.0,0.0005317909225194116,0.0
40100,20919.0,0.0,0.0005317698255636651,0.0
40200,20933.0,0.0,0.0005317675166017161,0.0
40300,20957.0,0.0,0.0005286596893244529,0.0
40400,20971.0,0.0,0.0004999118362564492,0.0
40500,20993.0,0.0,0.0004995975751270435,0.0
40600,21008.0,0.0,0.0004995411166346178,0.0
40700,21022.0,0.0,0.0005059429289312871,0.0
40800,21042.0,0.0,0.000505391273078801,0.0
40900,21063.0,0.0,0.0005481357792614267,0.0
41000,21082.0,0.0,0.0005519557265600291,0.0
41100,21101.0,0.0,0.0005519099731861779,0.0
41200,21117.0,0.0,0.0005518863850100396,0.0
41300,21132.0,0.0,0.0005529531142199148,0.0
41400,21147.0,0.0,0.0005529494131979034,0.0
41500,21154.0,0.0,0.0005523548317094063,0.0
41600,21168.0,0.0,0.0005523344740356547,0.0
41700,21195.0,0.0,0.0005519766622443768,0.0
41800,21212.0,0.0,0.0005240752593220866,0.0
41900,21228.0,0.0,0.0005260652918272451,0.0
42000,21245.0,0.0,0.0005573096011977183,0.0
42100,21261.0,0.0,0.0005572900310562356,0.0
42200,21277.0,0.0,0.0005616948397970279,0.0
42300,21293.0,0.0,0.0005615617305283022,0.0
42400,21315.0,0.0,0.0005620218939781399,0.0
42500,21328.0,0.0,0.0006048350844306631,0.0
42600,21341.0,0.0,0.0006093552369273424,0.0
42700,21364.0,0.0,0.0006090499865204761,0.0
42800,21378.0,0.0,0.0006554412573025572,0.0
42900,21386.0,0.0,0.0006572990394171214,0.0
43000,21407.0,0.0,0.0006712206720218587,0.0
43100,21419.0,0.0,0.0006733464238113618,0.0
43200,21431.0,0.0,0.0006766025233935327,0.0
43300,21443.0,0.0,0.0006764041115623169,0.0
43400,21456.0,0.0,0.0006763005769814537,0.0
43500,21465.0,0.0,0.0006760653541735697,0.0
43600,21474.0,0.0,0.0006760168775924076,0.0
43700,21480.0,0.0,0.0006756233102878488,0.0
43800,21495.0,0.0,0.000677930464594406,0.0
43900,21512.0,0.0,0.000679458011586586,0.0
44000,21526.0,0.0,0.0006799070159384671,0.0
44100,21538.0,0.0,0.0006795568231311121,0.0
44200,21555.0,0.0,0.0006829423102765916,0.0
44300,21569.0,0.0,0.0006827937043265523,0.0
44400,21584.0,0.0,0.0006888064141869901,0.0
44500,21600.0,0.0,0.0006928321813023299,0.0
44600,21611.0,0.0,0.0006928177849751246,0.0
44700,21617.0,0.0,0.0006927776303950304,0.0
44800,21625.0,0.0,0.0006926443593494376,0.0
44900,21644.0,0.0,0.000691092687759628,0.0
45000,21652.0,0.0,0.0006931751643412182,0.0
45100,21663.0,0.0,0.0006912364389681554,0.0
45200,21669.0,0.0,0.000694363612537853,0.0
45300,21678.0,0.0,0.0006939605296832804,0.0
45400,21695.0,0.0,0.0006919970478366011,0.0
45500,21710.0,0.0,0.0006950345633984182,0.0
45600,21721.0,0.0,0.0007007255621994666,0.0
45700,21741.0,0.0,0.0007036273755520004,0.0
45800,21758.0,0.0,0.0007035719726746543,0.0
45900,21763.0,0.0,0.0007004814219403234,0.0
46000,21781.0,0.0,0.0007002798034632694,0.0
46100,21792.0,0.0,0.000699967440515333,0.0
46200,21809.0,0.0,0.0007022305180427251,0.0
46300,21822.0,0.0,0.0007101785927315069,0.0
46400,21833.0,0.0,0.0007098786434839018,0.0
46500,21848.0,0.0,0.000709014651496619,0.0
46600,21856.0,0.0,0.0007523213487204623,0.0
46700,21880.0,0.0,0.0007549676466561745,0.0
46800,21885.0,0.0,0.000754629469626302,0.0
46900,21899.0,0.0,0.0007572205289931956,0.0
47000,21911.0,0.0,0.0007640455017940125,0.0
47100,21920.0,0.0,0.0007633525479720989,0.0
47200,21935.0,0.0,0.0007628799171884364,0.0
47300,21942.0,0.0,0.000764062393895811,0.0
47400,21949.0,0.0,0.0007696653501951151,0.0
47500,21957.0,0.0,0.000766664554927334,0.0
47600,21967.0,0.0,0.0007659768716464204,0.0
47700,21979.0,0.0,0.0007653005855700446,0.0
47800,21994.0,0.0,0.0007706650810787326,0.0
47900,22003.0,0.0,0.0007855288590690808,0.0
48000,22017.0,0.0,0.0007944478607448116,0.0
48100,22025.0,0.0,0.00079779159101746,0.0
48200,22044.0,0.0,0.0008016931894645499,0.0
48300,22052.0,0.0,0.0008031371506042875,0.0
48400,22069.0,0.0,0.0008031173284939068,0.0
48500,22079.0,0.0,0.0008037825412984779,0.0
48600,22097.0,0.0,0.0008034953067161257,0.0
48700,22102.0,0.0,0.000804513535612164,0.0
48800,22114.0,0.0,0.0007973074878133488,0.0
48900,22120.0,0.0,0.0007996625722698597,0.0
49000,22132.0,0.0,0.0007995719188851916,0.0
49100,22139.0,0.0,0.0008073267314840342,0.0
49200,22145.0,0.0,0.0008095361691909259,0.0
49300,22151.0,0.0,0.0008063993037149795,0.0
49400,22157.0,0.0,0.0008152639557983878,0.0
49500,22164.0,0.0,0.000834594175059833,0.0
49600,22176.0,0.0,0.0008343396089108318,0.0
49700,22181.0,0.0,0.0008340564385968318,0.0
49800,22191.0,0.0,0.0008345851018835679,0.0
49900,22199.0,0.0,0.0008405043557474034,0.0
50000,22213.0,0.0,0.0008595459082167645,0.0
50100,22226.0,0.0,0.0008637831356956592,0.0
50200,22232.0,0.0,0.0008641439086185556,0.0
50300,22240.0,0.0,0.000864493844748397,0.0
50400,22247.0,0.0,0.0008646627068744682,0.0
50500,22262.0,0.0,0.0008681246188410876,0.0
50600,22271.0,0.0,0.0009161352990403605,0.0
50700,22282.0,0.0,0.000916460552187091,0.0
50800,22288.0,0.0,0.0009206383408324223,0.0
50900,22307.0,0.0,0.0009379875569003511,0.0
51000,22309.0,0.0,0.000955531923429264,0.0
51100,22320.0,0.0,0.0009581952716721884,0.0
51200,22333.0,0.0,0.0009740053460374331,0.0
51300,22338.0,0.0,0.0009738630722669515,0.0
51400,22349.0,0.0,0.0009729549814526255,0.0
51500,22353.0,0.0,0.0009737352302457142,0.0
51600,22363.0,0.0,0.0009813311515591498,0.0
51700,22376.0,0.0,0.00098098711610243,0.0
51800,22380.0,0.0,0.000982678819138636,0.0
51900,22391.0,0.0,0.000981527927365734,0.0
52000,22394.0,0.0,0.0009812460514674413,0.0
52100,22397.0,0.0,0.0009852626851870158,0.0
52200,22407.0,0.0,0.0009906150797639455,0.0
52300,22420.0,0.0,0.0009981948093087123,0.0
52400,22424.0,0.0,0.0010008433287826775,0.0
52500,22434.0,0.0,0.001002178663945568,0.0
52600,22441.0,0.0,0.0010101613677989155,0.0
52700,22449.0,0.0,0.0010220081356438662,0.0
52800,22455.0,0.0,0.001024907007103099,0.0
52900,22466.0,0.0,0.0010879867151701369,0.0
53000,22472.0,0.0,0.001089908341143559,0.0
53100,22479.0,0.0,0.0010916523383898659,0.0
53200,22488.0,0.0,0.0010883807466193602,0.0
53300,22496.0,0.0,0.0010916214037383822,0.0
53400,22502.0,0.0,0.0011082621598765725,0.0
53500,22510.0,0.0,0.0011142367739203419,0.0
53600,22523.0,0.0,0.0011207980082278762,0.0
53700,22528.0,0.0,0.00112492944604338,0.0
53800,22532.0,0.0,0.001133286969683415,0.0
53900,22537.0,0.0,0.0011338527399532706,0.0
54000,22546.0,0.0,0.001135137050543108,0.0
54100,22550.0,0.0,0.0011350987662383822,0.0
54200,22558.0,0.0,0.001134550255912919,0.0
54300,22570.0,0.0,0.001137460913261563,0.0
54400,22582.0,0.0,0.0011393336869267821,0.0
54500,22584.0,0.0,0.0011468001215033748,0.0
54600,22591.0,0.0,0.001151609601254343,0.0
54700,22598.0,0.0,0.001159915312076694,0.0
54800,22600.0,0.0,0.0011592188048594996,0.0
54900,22604.0,0.0,0.0011612810395697439,0.0
55000,22605.0,0.0,0.0011599608118364286,0.0
55100,22611.0,0.0,0.0011646143559021175,0.0
55200,22615.0,0.0,0.0011401097895474743,0.0
55300,22631.0,0.0,0.0011574393707117056,0.0
55400,22640.0,0.0,0.0011591741509231167,0.0
55500,22643.0,0.0,0.0011613752944582027,0.0
55600,22650.0,0.0,0.0011642221205437518,0.0
55700,22656.0,0.0,0.0011668278480512111,0.0
55800,22665.0,0.0,0.001166950166266923,0.0
55900,22676.0,0.0,0.0011692393684085097,0.0
56000,22680.0,0.0,0.0012186079122725496,0.0
56100,22689.0,0.0,0.0012213579236277972,0.0
56200,22693.0,0.0,0.001269105142323047,0.0
56300,22700.0,0.0,0.0012762280254946395,0.0
56400,22711.0,0.0,0.001266939721279223,0.0
56500,22717.0,0.0,0.00131131582361984,0.0
56600,22722.0,0.0,0.0013205493248596453,0.0
56700,22729.0,0.0,0.0013244089017684195,0.0
56800,22734.0,0.0,0.001323930261564537,0.0
56900,22743.0,0.0,0.0013251084244073684,0.0
57000,22747.0,0.0,0.0013273207580272433,0.0
57100,22753.0,0.0,0.001328338526268063,0.0
57200,22762.0,0.0,0.0013277038668466266,0.0
57300,22768.0,0.0,0.0013272697206328345,0.0
57400,22772.0,0.0,0.0013284286319487002,0.0
57500,22777.0,0.0,0.0013368330434010867,0.0
57600,22782.0,0.0,0.001339483089493869,0.0
57700,22789.0,0.0,0.0013406049924927642,0.0
57800,22793.0,0.0,0.0013409105515762626,0.0
57900,22797.0,0.0,0.0013499344817385736,0.0
58000,22800.0,0.0,0.0013544159073186372,0.0
58100,22808.0,0.0,0.0013559697965840733,0.0
58200,22815.0,0.0,0.0013605660050448336,0.0
58300,22816.0,0.0,0.001414017009553882,0.0
58400,22819.0,0.0,0.0014218085535707202,0.0
58500,22823.0,0.0,0.0014293730888667571,0.0
58600,22826.0,0.0,0.0014280099887965228,0.0
58700,22828.0,0.0,0.0014268099962988026,0.0
58800,22832.0,0.0,0.0014279315564125269,0.0
58900,22833.0,0.0,0.0014386321342495542,0.0
59000,22837.0,0.0,0.001435500944438947,0.0
59100,22840.0,0.0,0.0014391257711726308,0.0
59200,22842.0,0.0,0.0014441714095151333,0.0
59300,22844.0,0.0,0.001462958400397436,0.0
59400,22856.0,0.0,0.0014652112745737003,0.0
59500,22858.0,0.0,0.0014703261205377368,0.0
59600,22864.0,0.0,0.0014762289945633891,0.0
59700,22869.0,0.0,0.0014906995684009564,0.0
59800,22874.0,0.0,0.0014946697636619042,0.0
59900,22881.0,0.0,0.0014967639986892417,0.0
60000,22887.0,0.0,0.0014978200796312638,0.0
60100,22889.0,0.0,0.0015182140822812705,0.0
60200,22894.0,0.0,0.0015185500087821074,0.0
60300,22900.0,0.0,0.0015214042658205568,0.0
60400,22908.0,0.0,0.0015206809324522764,0.0
60500,22913.0,0.0,0.0015253315356071795,0.0
60600,22915.0,0.0,0.001528572879082409,0.0
60700,22919.0,0.0,0.001546272499067975,0.0
60800,22927.0,0.0,0.0015449730017408033,0.0
60900,22932.0,0.0,0.0015546631606585864,0.0
61000,22934.0,0.0,0.0015732413264381575,0.0
61100,22936.0,0.0,0.0015831270797134124,0.0
61200,22943.0,0.0,0.0016006087474976633,0.0
61300,22945.0,0.0,0.0016202489388752264,0.0
61400,22946.0,0.0,0.0016436753090605994,0.0
61500,22950.0,0.0,0.0016409461267729596,0.0
61600,22957.0,0.0,0.0016400084271611139,0.0
61700,22961.0,0.0,0.0016331159865830818,0.0
61800,22965.0,0.0,0.0016361022851959118,0.0
61900,22968.0,0.0,0.0016380823842815468,0.0
62000,22972.0,0.0,0.0016492122154900077,0.0
62100,22974.0,0.0,0.0016506157498190827,0.0
62200,22978.0,0.0,0.0016536179034090533,0.0
62300,22981.0,0.0,0.0016528952245228779,0.0
62400,22983.0,0.0,0.0016707002894240223,0.0
62500,22986.0,0.0,0.0016704321940157886,0.0
62600,22991.0,0.0,0.0016859822419422856,0.0
62700,22993.0,0.0,0.0016923576524895442,0.0
62800,22995.0,0.0,0.0016926581336857542,0.0
62900,23000.0,0.0,0.0016939904081663016,0.0
63000,23002.0,0.0,0.0016944169308978755,0.0
63100,23002.0,0.0,0.0017044431963392183,0.0
63200,23007.0,0.0,0.0017028551693177459,0.0
63300,23010.0,0.0,0.0017087634868036517,0.0
63400,23012.0,0.0,0.001715796179676795,0.0
63500,23016.0,0.0,0.001734267801219834,0.0
63600,23018.0,0.0,0.0017457127526723144,0.0
63700,23019.0,0.0,0.0017467463604585896,0.0
63800,23019.0,0.0,0.0017465290629374533,0.0
63900,23019.0,0.0,0.0017477393811415527,0.0
64000,23021.0,0.0,0.0017536426546274492,0.0
64100,23024.0,0.0,0.0017534757404214585,0.0
64200,23026.0,0.0,0.0017555372346606533,0.0
64300,23029.0,0.0,0.0017549026342591418,0.0
64400,23031.0,0.0,0.001756799831198917,0.0
64500,23033.0,0.0,0.0017652111885398155,0.0
64600,23036.0,0.0,0.001770278581775534,0.0
64700,23038.0,0.0,0.0017707212771442345,0.0
64800,23039.0,0.0,0.0017731741430883263,0.0
64900,23040.0,0.0,0.0017909885412757502,0.0
65000,23047.0,0.0,0.0017943066177486956,0.0
65100,23048.0,0.0,0.001793799886700705,0.0
65200,23052.0,0.0,0.0017932689502621938,0.0
65300,23058.0,0.0,0.0018036902607580427,0.0
65400,23060.0,0.0,0.0018124641764325395,0.0
65500,23062.0,0.0,0.0018155902590934608,0.0
65600,23062.0,0.0,0.0018665413883800623,0.0
65700,23065.0,0.0,0.001945883579722042,0.0
65800,23067.0,0.0,0.0019473398226317802,0.0
65900,23068.0,0.0,0.0020013086171944755,0.0
66000,23069.0,0.0,0.002011156323833472,0.0
66100,23071.0,0.0,0.0020231552098031458,0.0
66200,23073.0,0.0,0.002024655114703627,0.0
66300,23073.0,0.0,0.0020332646335564043,0.0
66400,23078.0,0.0,0.002048559924290552,0.0
66500,23078.0,0.0,0.0020516460129656293,0.0
66600,23079.0,0.0,0.0020522069451197906,0.0
66626,23079.0,0.0,0.0020550719439478707,0.0
66526,23070.0,0.0,0.0020449349297833874,0.0
66426,23058.0,0.0,0.002049568312294189,0.0
66326,23050.0,0.0,0.0020475994072381757,0.0
66226,23040.0,0.0,0.0020469750475606906,0.0
66126,23024.0,0.0,0.002045431962171341,0.0
66026,23011.0,0.0,0.0020447220657129075,0.0
65926,23000.0,0.0,0.0020472375697299654,0.0
65826,22989.0,0.0,0.002049207366730929,0.0
65726,22980.0,0.0,0.002049436512134067,0.0
65626,22975.0,0.0,0.002046697445223651,0.0
65526,22965.0,0.0,0.0020351740111375083,0.0
65426,22955.0,0.0,0.002032452305833786,0.0
65326,22947.0,0.0,0.002027915848314027,0.0
65226,22932.0,0.0,0.0020285360930205557,0.0
65126,22919.0,0.0,0.0020164218696463983,0.0
65026,22909.0,0.0,0.0020073415920753624,0.0
64926,22903.0,0.0,0.001958478176271959,0.0
64826,22895.0,0.0,0.0019540661589768746,0.0
64726,22882.0,0.0,0.0019564211345380537,0.0
64626,22873.0,0.0,0.0019157926554451098,0.0
64526,22865.0,0.0,0.0019091438982439502,0.0
64426,22856.0,0.0,0.0019367827044883452,0.0
64326,22845.0,0.0,0.0019664238861479433,0.0
64226,22838.0,0.0,0.0019674038512268294,0.0
64126,22830.0,0.0,0.0019605021180824542,0.0
64026,22815.0,0.0,0.001961683785680344,0.0
63926,22804.0,0.0,0.001964617194007147,0.0
63826,22785.0,0.0,0.0019650089963775368,0.0
63726,22767.0,0.0,0.001962421319493121,0.0
63626,22756.0,0.0,0.0019679672298332164,0.0
63526,22747.0,0.0,0.0019672376274334335,0.0
63426,22739.0,0.0,0.00195605710301436,0.0
63326,22725.0,0.0,0.0019541155705506625,0.0
63226,22714.0,0.0,0.00195394514144813,0.0
63126,22704.0,0.0,0.0019391858717286174,0.0
63026,22694.0,0.0,0.0019356873878370135,0.0
62926,22680.0,0.0,0.0019194823475966766,0.0
62826,22671.0,0.0,0.001874387669233546,0.0
62726,22661.0,0.0,0.001869150838863025,0.0
62626,22648.0,0.0,0.0018250136584474128,0.0
62526,22638.0,0.0,0.0018225722434620068,0.0
62426,22626.0,0.0,0.0018168955104014709,0.0
62326,22620.0,0.0,0.001804657043025239,0.0
62226,22609.0,0.0,0.001805430529051736,0.0
62126,22593.0,0.0,0.0018027605644351872,0.0
62026,22581.0,0.0,0.0018046666966932685,0.0
61926,22569.0,0.0,0.0018008627052084945,0.0
61826,22555.0,0.0,0.001791776598268834,0.0
61726,22544.0,0.0,0.0017455752532432017,0.0
61626,22535.0,0.0,0.0017472309257485388,0.0
61526,22524.0,0.0,0.0017471859661787033,0.0
61426,22514.0,0.0,0.001745999293322553,0.0
61326,22494.0,0.0,0.001744381800487547,0.0
61226,22483.0,0.0,0.0017407448545629129,0.0
61126,22470.0,0.0,0.001700875304303453,0.0
61026,22462.0,0.0,0.001713477974019567,0.0
60926,22451.0,0.0,0.0017150064886144226,0.0
60826,22443.0,0.0,0.0017048625339966476,0.0
60726,22433.0,0.0,0.0017053377074572962,0.0
60626,22420.0,0.0,0.001705598122204962,0.0
60526,22402.0,0.0,0.0017078047983094073,0.0
60426,22393.0,0.0,0.0016866340020833361,0.0
60326,22379.0,0.0,0.0016845571659810173,0.0
60226,22363.0,0.0,0.0016721671048792893,0.0
60126,22346.0,0.0,0.0016725120942753919,0.0
60026,22339.0,0.0,0.0016706446649925584,0.0
59926,22330.0,0.0,0.0016714353851186223,0.0
59826,22319.0,0.0,0.0016765907999112281,0.0
59726,22305.0,0.0,0.001677117337097994,0.0
59626,22287.0,0.0,0.00165638976577225,0.0
59526,22276.0,0.0,0.0016576645342902606,0.0
59426,22271.0,0.0,0.0016464861148773066,0.0
59326,22254.0,0.0,0.0016461303653469562,0.0
59226,22238.0,0.0,0.0016409595677444996,0.0
59126,22226.0,0.0,0.0016323107266570252,0.0
59026,22215.0,0.0,0.0016306071419892802,0.0
58926,22206.0,0.0,0.001588636634409279,0.0
58826,22200.0,0.0,0.0015875363226142182,0.0
58726,22190.0,0.0,0.0015459934319499075,0.0
58626,22177.0,0.0,0.0015474165476088864,0.0
58526,22163.0,0.0,0.0015459236032230646,0.0
58426,22146.0,0.0,0.0015451357745161099,0.0
58326,22132.0,0.0,0.0015453660291292607,0.0
58226,22112.0,0.0,0.0015431683768855594,0.0
58126,22092.0,0.0,0.0015272747584404848,0.0
58026,22075.0,0.0,0.0014814278669438262,0.0
57926,22059.0,0.0,0.0014806921827109857,0.0
57826,22047.0,0.0,0.0014750231475013907,0.0
57726,22034.0,0.0,0.0014536740906502216,0.0
57626,22022.0,0.0,0.0014386940750435186,0.0
57526,22012.0,0.0,0.0014320047241162183,0.0
57426,22003.0,0.0,0.0014248573686869873,0.0
57326,21992.0,0.0,0.0014199871442310949,0.0
57226,21980.0,0.0,0.0014191483147864145,0.0
57126,21970.0,0.0,0.001422290318492418,0.0
57026,21952.0,0.0,0.0014230935034987083,0.0
56926,21941.0,0.0,0.0014244784219895274,0.0
56826,21932.0,0.0,0.0014257775000962821,0.0
56726,21924.0,0.0,0.001426709120800447,0.0
56626,21911.0,0.0,0.0014230256673271602,0.0
56526,21900.0,0.0,0.0014005215170261518,0.0
56426,21882.0,0.0,0.0013748031337138813,0.0
56326,21872.0,0.0,0.001374114439297653,0.0
56226,21852.0,0.0,0.0013744236943006144,0.0
56126,21834.0,0.0,0.001375754128418055,0.0
56026,21826.0,0.0,0.0013757279434433096,0.0
55926,21815.0,0.0,0.0013750326994593626,0.0
55826,21797.0,0.0,0.0013764027330878251,0.0
55726,21780.0,0.0,0.0013752125558567619,0.0
55626,21770.0,0.0,0.0013758421004182488,0.0
55526,21750.0,0.0,0.0013845569335050082,0.0
55426,21737.0,0.0,0.0013763259877969244,0.0
55326,21720.0,0.0,0.0013850323949229685,0.0
55226,21703.0,0.0,0.0013475657838823922,0.0
55126,21689.0,0.0,0.0013052442625376597,0.0
55026,21681.0,0.0,0.0013007514092620296,0.0
54926,21679.0,0.0,0.001273034103400573,0.0
54826,21661.0,0.0,0.001270782339049941,0.0
54726,21653.0,0.0,0.0012701505539166522,0.0
54626,21643.0,0.0,0.001263526293508909,0.0
54526,21631.0,0.0,0.001276541036648611,0.0
54426,21620.0,0.0,0.001285038221802556,0.0
54326,21601.0,0.0,0.0012903851822182266,0.0
54226,21591.0,0.0,0.001289479091895988,0.0
54126,21581.0,0.0,0.0012476282960114614,0.0
54026,21571.0,0.0,0.001249010150584425,0.0
53926,21559.0,0.0,0.0012487465959607502,0.0
53826,21546.0,0.0,0.001243773821088329,0.0
53726,21529.0,0.0,0.001244479689659326,0.0
53626,21515.0,0.0,0.0012466126374446624,0.0
53526,21499.0,0.0,0.0012509451863812592,0.0
53426,21489.0,0.0,0.0012490335733466532,0.0
53326,21476.0,0.0,0.001250679007023176,0.0
53226,21456.0,0.0,0.0012060066304071268,0.0
53126,21443.0,0.0,0.0012041253870496635,0.0
53026,21430.0,0.0,0.0012025907754214717,0.0
52926,21416.0,0.0,0.0011872373083925765,0.0
52826,21401.0,0.0,0.001198426491313514,0.0
52726,21384.0,0.0,0.0011912876792033204,0.0
52626,21374.0,0.0,0.0012078596258644693,0.0
52526,21364.0,0.0,0.001205384418274121,0.0
52426,21346.0,0.0,0.001205266120454932,0.0
52326,21336.0,0.0,0.0012135172818881581,0.0
52226,21325.0,0.0,0.0012128337104283778,0.0
52126,21311.0,0.0,0.001214978788779164,0.0
52026,21300.0,0.0,0.0011728247421474523,0.0
51926,21286.0,0.0,0.0011758561694568729,0.0
51826,21267.0,0.0,0.0011252968056744638,0.0
51726,21257.0,0.0,0.0011276174193302563,0.0
51626,21237.0,0.0,0.0010521545504669806,0.0
51526,21228.0,0.0,0.0010530102994549372,0.0
51426,21216.0,0.0,0.0010502818201255013,0.0
51326,21204.0,0.0,0.0010492836776099534,0.0
51226,21186.0,0.0,0.0010429742579797098,0.0
51126,21172.0,0.0,0.00105112908975564,0.0
51026,21162.0,0.0,0.001050551513826613,0.0
50926,21149.0,0.0,0.0010462288888265783,0.0
50826,21134.0,0.0,0.0010248535510535958,0.0
50726,21123.0,0.0,0.0010262182400477778,0.0
50626,21109.0,0.0,0.0010191984438459969,0.0
50526,21091.0,0.0,0.0010208458908508029,0.0
50426,21070.0,0.0,0.0010065782560142358,0.0
50326,21053.0,0.0,0.001005678504307128,0.0
50226,21042.0,0.0,0.0010051798997815853,0.0
50126,21030.0,0.0,0.0009986034619790367,0.0
50026,21009.0,0.0,0.000998564383730509,0.0
49926,20988.0,0.0,0.0010001491280712748,0.0
49826,20970.0,0.0,0.0010017993071769942,0.0
49726,20954.0,0.0,0.0010062163877087805,0.0
49626,20939.0,0.0,0.0009970197918615488,0.0
49526,20926.0,0.0,0.0009950627403892776,0.0
49426,20909.0,0.0,0.0009815111000636935,0.0
49326,20892.0,0.0,0.0009820933093170044,0.0
49226,20867.0,0.0,0.0009750509537588585,0.0
49126,20858.0,0.0,0.0009772156866310869,0.0
49026,20841.0,0.0,0.0009427525544492121,0.0
48926,20831.0,0.0,0.0009321933092781982,0.0
48826,20814.0,0.0,0.0009317268951197057,0.0
48726,20799.0,0.0,0.0009384278249496591,0.0
48626,20784.0,0.0,0.0009359843481848622,0.0
48526,20764.0,0.0,0.0009321971831622804,0.0
48426,20751.0,0.0,0.0009330349787400587,0.0
48326,20732.0,0.0,0.0009326090874405037,0.0
48226,20719.0,0.0,0.0009325902076416295,0.0
48126,20700.0,0.0,0.0009313616886587933,0.0
48026,20675.0,0.0,0.0009320334686593329,0.0
47926,20652.0,0.0,0.0009297212438429773,0.0
47826,20635.0,0.0,0.0009306836281136865,0.0
47726,20614.0,0.0,0.0009274954823536709,0.0
47626,20594.0,0.0,0.0009267260785581255,0.0
47526,20572.0,0.0,0.0008780306244524722,0.0
47426,20559.0,0.0,0.0008826779708524377,0.0
47326,20545.0,0.0,0.0008690212723655977,0.0
47226,20519.0,0.0,0.0008533740343587449,0.0
47126,20499.0,0.0,0.0008546984874633093,0.0
47026,20484.0,0.0,0.0008408026256879324,0.0
46926,20470.0,0.0,0.0008371415206858724,0.0
46826,20454.0,0.0,0.0008450856905370165,0.0
46726,20433.0,0.0,0.0008462145978713689,0.0
46626,20413.0,0.0,0.0008481476249804378,0.0
46526,20400.0,0.0,0.0008406710454118602,0.0
46426,20386.0,0.0,0.0008410117888014181,0.0
46326,20374.0,0.0,0.000825786161370533,0.0
46226,20366.0,0.0,0.0008264828846004855,0.0
46126,20358.0,0.0,0.0008236493484745022,0.0
46026,20333.0,0.0,0.0008234280727183049,0.0
45926,20317.0,0.0,0.000813812030150557,0.0
45826,20305.0,0.0,0.0008042541337931932,0.0
45726,20291.0,0.0,0.0007860097185050782,0.0
45626,20276.0,0.0,0.0007864890084084708,0.0
45526,20255.0,0.0,0.0007869943804477379,0.0
45426,20238.0,0.0,0.0007864195530168018,0.0
45326,20217.0,0.0,0.0007863335646575306,0.0
45226,20201.0,0.0,0.0007843912984385656,0.0
45126,20187.0,0.0,0.0007790806639700028,0.0
45026,20174.0,0.0,0.0007784390650250359,0.0
44926,20156.0,0.0,0.0007800484699453955,0.0
44826,20132.0,0.0,0.0007812840094949563,0.0
44726,20119.0,0.0,0.0007818093214533226,0.0
44626,20092.0,0.0,0.0007800018747023943,0.0
44526,20074.0,0.0,0.0007708968644251548,0.0
44426,20051.0,0.0,0.0007725876905682945,0.0
44326,20035.0,0.0,0.0007730274223160747,0.0
44226,20016.0,0.0,0.0007733794506449886,0.0
44126,20002.0,0.0,0.0007662695155418722,0.0
44026,19991.0,0.0,0.000766217044663231,0.0
43926,19970.0,0.0,0.000764066569898868,0.0
43826,19948.0,0.0,0.0007220833824901617,0.0
43726,19926.0,0.0,0.0007246558288214238,0.0
43626,19909.0,0.0,0.0007326997541201735,0.0
43526,19883.0,0.0,0.0007190987927781083,0.0
43426,19867.0,0.0,0.0007165912699877409,0.0
43326,19852.0,0.0,0.0007106853564269063,0.0
43226,19840.0,0.0,0.0007109998956498306,0.0
43126,19823.0,0.0,0.0007115211181348084,0.0
43026,19801.0,0.0,0.0007118753897539515,0.0
42926,19781.0,0.0,0.000718608170546927,0.0
42826,19751.0,0.0,0.0007194891082628788,0.0
42726,19737.0,0.0,0.0007155378545897074,0.0
42626,19717.0,0.0,0.0007163370140748406,0.0
42526,19696.0,0.0,0.0007121993187663366,0.0
42426,19676.0,0.0,0.0007141965913032333,0.0
42326,19658.0,0.0,0.0007146478768553453,0.0
42226,19634.0,0.0,0.000707470552116537,0.0
42126,19622.0,0.0,0.0006658655540055039,0.0
42026,19604.0,0.0,0.0006653626597074709,0.0
41926,19584.0,0.0,0.0006679567509068888,0.0
41826,19568.0,0.0,0.0006590078789750956,0.0
41726,19557.0,0.0,0.0006591191083734088,0.0
41626,19541.0,0.0,0.000659300658196803,0.0
41526,19524.0,0.0,0.0006606993706314828,0.0
41426,19501.0,0.0,0.0006618321529034693,0.0
41326,19485.0,0.0,0.0006423653310548244,0.0
41226,19478.0,0.0,0.0006428393944908805,0.0
41126,19460.0,0.0,0.0006713004705294198,0.0
41026,19440.0,0.0,0.0006196414563725685,0.0
40926,19413.0,0.0,0.0006207368862268834,0.0
40826,19392.0,0.0,0.0006191339094953756,0.0
40726,19374.0,0.0,0.0006186124877202729,0.0
40626,19355.0,0.0,0.0006203493764557293,0.0
40526,19333.0,0.0,0.0006204843638188068,0.0
40426,19313.0,0.0,0.000623845428165052,0.0
40326,19294.0,0.0,0.000624380745587385,0.0
40226,19277.0,0.0,0.0006052987112933533,0.0
40126,19256.0,0.0,0.0006042857463572464,0.0
40026,19234.0,0.0,0.0006092108085707594,0.0
39926,19212.0,0.0,0.000609676028073825,0.0
39826,19192.0,0.0,0.0006061095078799358,0.0
39726,19171.0,0.0,0.0006010611827883968,0.0
39626,19154.0,0.0,0.0006022420841925428,0.0
39526,19136.0,0.0,0.0006004673371280434,0.0
39426,19115.0,0.0,0.000599148781615928,0.0
39326,19101.0,0.0,0.0005991933801885331,0.0
39226,19087.0,0.0,0.0006031942652739092,0.0
39126,19069.0,0.0,0.0006021242590077164,0.0
39026,19043.0,0.0,0.0006310368088999818,0.0
38926,19026.0,0.0,0.0005790010033941268,0.0
38826,19001.0,0.0,0.0005701648542105786,0.0
38726,18980.0,0.0,0.0005713012361185436,0.0
38626,18962.0,0.0,0.0005715627699952315,0.0
38526,18944.0,0.0,0.000574936128438565,0.0
38426,18920.0,0.0,0.0005749487643142595,0.0
38326,18905.0,0.0,0.0005664063804972176,0.0
38226,18884.0,0.0,0.0005669318783407596,0.0
38126,18863.0,0.0,0.0005631816934783223,0.0
38026,18846.0,0.0,0.0005938180483068614,0.0
37926,18823.0,0.0,0.0005912619081371763,0.0
37826,18799.0,0.0,0.0005905089188882287,0.0
37726,18784.0,0.0,0.0005916109196998603,0.0
37626,18760.0,0.0,0.0005918138024661881,0.0
37526,18742.0,0.0,0.0005983912654915955,0.0
37426,18721.0,0.0,0.0005994748096351395,0.0
37326,18700.0,0.0,0.000595893089023469,0.0
37226,18672.0,0.0,0.0005956082545568902,0.0
37126,18648.0,0.0,0.0005936879915893628,0.0
37026,18630.0,0.0,0.0005941416625132742,0.0
36926,18605.0,0.0,0.0005938821036439774,0.0
36826,18581.0,0.0,0.0005921301989827083,0.0
36726,18567.0,0.0,0.0005904874296085953,0.0
36626,18552.0,0.0,0.0005855723831880158,0.0
36526,18537.0,0.0,0.0005801503432104591,0.0
36426,18511.0,0.0,0.0005773307845320163,0.0
36326,18488.0,0.0,0.0005786242564841488,0.0
36226,18468.0,0.0,0.0005790694523579973,0.0
36126,18444.0,0.0,0.0005797523041940857,0.0
36026,18424.0,0.0,0.0005769609615342797,0.0
35926,18401.0,0.0,0.0005777346813505695,0.0
35826,18369.0,0.0,0.00057346891501708,0.0
35726,18340.0,0.0,0.0005736314988124323,0.0
35626,18320.0,0.0,0.0005727194713928571,0.0
35526,18298.0,0.0,0.0005724921739231875,0.0
35426,18274.0,0.0,0.0005730640519714903,0.0
35326,18250.0,0.0,0.0005743135833456482,0.0
35226,18228.0,0.0,0.0005780266860700049,0.0
35126,18202.0,0.0,0.0005813724272485082,0.0
35026,18187.0,0.0,0.0005729290394883716,0.0
34926,18166.0,0.0,0.0005702430187988224,0.0
34826,18138.0,0.0,0.0005696106163549707,0.0
34726,18116.0,0.0,0.0005666478267824289,0.0
34626,18090.0,0.0,0.0005202493725197101,0.0
34526,18059.0,0.0,0.0005246970174957615,0.0
34426,18025.0,0.0,0.0005230969728344767,0.0
34326,17993.0,0.0,0.0005456494666571967,0.0
34226,17962.0,0.0,0.0005400145533133538,0.0
34126,17939.0,0.0,0.0005363631703526133,0.0
34026,17913.0,0.0,0.0005058809802406596,0.0
33926,17897.0,0.0,0.0005052761144840277,0.0
33826,17867.0,0.0,0.0005046260635286771,0.0
33726,17845.0,0.0,0.0005004686072180506,0.0
33626,17821.0,0.0,0.0004840332871258982,0.0
33526,17804.0,0.0,0.0004823721162280382,0.0
33426,17770.0,0.0,0.00048280406629560066,0.0
33326,17746.0,0.0,0.0004833282282323056,0.0
33226,17730.0,0.0,0.00048414366643304035,0.0
33126,17710.0,0.0,0.0004830939923783862,0.0
33026,17687.0,0.0,0.0004696313847219683,0.0
32926,17662.0,0.0,0.0004730368543738899,0.0
32826,17635.0,0.0,0.00045966494141291153,0.0
32726,17613.0,0.0,0.0004533130567000902,0.0
32626,17588.0,0.0,0.0004443206760786748,0.0
32526,17558.0,0.0,0.00044111744093326374,0.0
32426,17528.0,0.0,0.00044294016280399604,0.0
32326,17503.0,0.0,0.0004247704250765134,0.0
32226,17473.0,0.0,0.0004159797491615458,0.0
32126,17456.0,0.0,0.00041657514503889927,0.0
32026,17425.0,0.0,0.00041444240481706523,0.0
31926,17392.0,0.0,0.0004143979041129281,0.0
31826,17367.0,0.0,0.0004221092971787365,0.0
31726,17342.0,0.0,0.00042492361314740905,0.0
31626,17311.0,0.0,0.00042390227289486847,0.0
31526,17287.0,0.0,0.0004249096491305977,0.0
31426,17262.0,0.0,0.0004189252747488883,0.0
31326,17239.0,0.0,0.00040529531992564345,0.0
31226,17204.0,0.0,0.00040742794184557503,0.0
31126,17170.0,0.0,0.0004032100213810158,0.0
31026,17138.0,0.0,0.0004000691170934473,0.0
30926,17113.0,0.0,0.00040026904626358815,0.0
30826,17090.0,0.0,0.00039998069082355106,0.0
30726,17057.0,0.0,0.00040035064868946044,0.0
30626,17022.0,0.0,0.00040600728685570044,0.0
30526,16989.0,0.0,0.0003986281970539238,0.0
30426,16966.0,0.0,0.0003977347351040478,0.0
30326,16936.0,0.0,0.0003981386171757432,0.0
30226,16912.0,0.0,0.0003879666126809249,0.0
30126,16882.0,0.0,0.00038805730629568985,0.0
30026,16859.0,0.0,0.00038864293230148994,0.0
29926,16844.0,0.0,0.0003891782383576826,0.0
29826,16812.0,0.0,0.0003893423153730858,0.0
29726,16778.0,0.0,0.0004194984038051447,0.0
29626,16743.0,0.0,0.0003758449749887935,0.0
29526,16721.0,0.0,0.00037426231256671745,0.0
29426,16695.0,0.0,0.0003775708797517588,0.0
29326,16659.0,0.0,0.00037867244419696603,0.0
29226,16631.0,0.0,0.000381676625543946,0.0
29126,16600.0,0.0,0.00037274857554947223,0.0
29026,16581.0,0.0,0.00037201215849808246,0.0
28926,16543.0,0.0,0.0003725829143004258,0.0
28826,16514.0,0.0,0.00037272849201504395,0.0
28726,16479.0,0.0,0.000379571371380132,0.0
28626,16438.0,0.0,0.00033034401413262014,0.0
28526,16400.0,0.0,0.0003316630365040651,0.0
28426,16377.0,0.0,0.0003236296780234349,0.0
28326,16349.0,0.0,0.00030277940566053656,0.0
28226,16320.0,0.0,0.00025167425799106446,0.0
28126,16293.0,0.0,0.00025290762839108225,0.0
28026,16262.0,0.0,0.00025312033374177864,0.0
27926,16235.0,0.0,0.0002546220292226283,0.0
27826,16205.0,0.0,0.0002549193644764448,0.0
27726,16177.0,0.0,0.0002561316521709906,0.0
27626,16133.0,0.0,0.00025455531228694165,0.0
27526,16096.0,0.0,0.00025380023910559306,0.0
27426,16066.0,0.0,0.00025404674462352724,0.0
27326,16026.0,0.0,0.0002556082553467207,0.0
27226,16006.0,0.0,0.00025571245140372696,0.0
27126,15972.0,0.0,0.00025618842502415543,0.0
27026,15932.0,0.0,0.0002591108284811418,0.0
26926,15911.0,0.0,0.00025415064145461953,0.0
26826,15877.0,0.0,0.00025464871360518927,0.0
26726,15849.0,0.0,0.0002548989065726136,0.0
26626,15811.0,0.0,0.000255032388693207,0.0
26526,15789.0,0.0,0.0002474345572283611,0.0
26426,15748.0,0.0,0.0002475039765005248,0.0
26326,15709.0,0.0,0.00024755126320402275,0.0
26226,15678.0,0.0,0.0002432928952537776,0.0
26126,15648.0,0.0,0.000250470463135792,0.0
26026,15618.0,0.0,0.00025292086096262304,0.0
25926,15587.0,0.0,0.0002545704889551417,0.0
25826,15556.0,0.0,0.0002549326687934341,0.0
25726,15521.0,0.0,0.00024858594755778116,0.0
25626,15488.0,0.0,0.0002545287153019187,0.0
25526,15446.0,0.0,0.0002468858826216253,0.0
25426,15413.0,0.0,0.00024715788785526296,0.0
25326,15385.0,0.0,0.00024113026197118508,0.0
25226,15344.0,0.0,0.00022636100197323756,0.0
25126,15315.0,0.0,0.00022744940329749797,0.0
25026,15286.0,0.0,0.0002292243166676296,0.0
24926,15243.0,0.0,0.0002293529617297357,0.0
24826,15205.0,0.0,0.00021713824107854728,0.0
24726,15171.0,0.0,0.00020812414648676598,0.0
24626,15137.0,0.0,0.00020821116707058063,0.0
24526,15101.0,0.0,0.00020818419812041844,0.0
24426,15064.0,0.0,0.00020819414434112012,0.0
24326,15023.0,0.0,0.00020131607777626096,0.0
24226,14983.0,0.0,0.0002013252475261561,0.0
24126,14947.0,0.0,0.00020290500455653714,0.0
24026,14915.0,0.0,0.00020388146307026176,0.0
23926,14871.0,0.0,0.0002039297244805161,0.0
23826,14826.0,0.0,0.00020556422721947046,0.0
23726,14792.0,0.0,0.00020725734739438236,0.0
23626,14760.0,0.0,0.0002077022885616492,0.0
23526,14715.0,0.0,0.00020795064450125682,0.0
23426,14663.0,0.0,0.00020676005998413062,0.0
23326,14629.0,0.0,0.00020159388277909905,0.0
23226,14587.0,0.0,0.0002020120983694724,0.0
23126,14555.0,0.0,0.0002147885028363283,0.0
23026,14526.0,0.0,0.0002152017823112709,0.0
22926,14494.0,0.0,0.00021699152750544602,0.0
22826,14459.0,0.0,0.0002170471459114008,0.0
22726,14431.0,0.0,0.00021739349271871926,0.0
22626,14400.0,0.0,0.00021841482196387332,0.0
22526,14359.0,0.0,0.00021066926008372373,0.0
22426,14323.0,0.0,0.0002108023806776963,0.0
22326,14285.0,0.0,0.00021404962782955474,0.0
22226,14237.0,0.0,0.00020968686069983126,0.0
22126,14191.0,0.0,0.00020319445444410877,0.0
22026,14142.0,0.0,0.00020320771711731633,0.0
21926,14097.0,0.0,0.00023185451305831947,0.0
21826,14067.0,0.0,0.0002322030929476535,0.0
21726,14017.0,0.0,0.0002310377434623837,0.0
21626,13975.0,0.0,0.00024033775235968768,0.0
21526,13942.0,0.0,0.0002373712848749919,0.0
21426,13900.0,0.0,0.0002380849696002044,0.0
21326,13858.0,0.0,0.00023501170874226093,0.0
21226,13816.0,0.0,0.0002380394670946149,0.0
21126,13758.0,0.0,0.0002382845446603667,0.0
21026,13705.0,0.0,0.0002494279652082304,0.0
20926,13656.0,0.0,0.00027509283881020104,0.0
20826,13619.0,0.0,0.00027539593619656596,0.0
20726,13576.0,0.0,0.00023242072330306152,0.0
20626,13541.0,0.0,0.00023250212393876294,0.0
20526,13500.0,0.0,0.00023339128293241434,0.0
20426,13439.0,0.0,0.00022399272965382237,0.0
20326,13405.0,0.0,0.00022431761462541995,0.0
20226,13370.0,0.0,0.00022438155946759538,0.0
20126,13315.0,0.0,0.00018082773875196647,0.0
20026,13278.0,0.0,0.0001798684086650096,0.0
19926,13233.0,0.0,0.00017221707253563853,0.0
19826,13194.0,0.0,0.000175335955741847,0.0
19726,13155.0,0.0,0.00017564555592935048,0.0
19626,13108.0,0.0,0.00017599715233853426,0.0
19526,13075.0,0.0,0.00017602732056913812,0.0
19426,13013.0,0.0,0.00017605924718269857,0.0
19326,12968.0,0.0,0.00017692144718440335,0.0
19226,12932.0,0.0,0.00017313207914587496,0.0
19126,12898.0,0.0,0.00015167577739279045,0.0
19026,12844.0,0.0,0.00015212883657356768,0.0
18926,12803.0,0.0,0.0001521610160195451,0.0
18826,12760.0,0.0,0.00014351077869773996,0.0
18726,12707.0,0.0,0.00014477174986517885,0.0
18626,12659.0,0.0,0.0001448236307237243,0.0
18526,12606.0,0.0,0.0001453408862201272,0.0
18426,12565.0,0.0,0.00014826704996300075,0.0
18326,12525.0,0.0,0.00014830204949688305,0.0
18226,12471.0,0.0,0.00014838585802456834,0.0
18126,12422.0,0.0,0.00014932197540326863,0.0
18026,12378.0,0.0,0.0001493231125610391,0.0
17926,12341.0,0.0,0.00015258042161061137,0.0
17826,12291.0,0.0,0.00015260629441087565,0.0
17726,12243.0,0.0,0.00015274291222633628,0.0
17626,12182.0,0.0,0.0001527656888106953,0.0
17526,12117.0,0.0,0.00015287367115622542,0.0
17426,12085.0,0.0,0.00016000713785542986,0.0
17326,12037.0,0.0,0.00016013302260538959,0.0
17226,11987.0,0.0,0.0001601701702315379,0.0
17126,11934.0,0.0,0.0001609856149262782,0.0
17026,11882.0,0.0,0.0001627791219942978,0.0
16926,11845.0,0.0,0.00016318234098257957,0.0
16826,11804.0,0.0,0.00016323874588665467,0.0
16726,11760.0,0.0,0.00016337807669938192,0.0
16626,11695.0,0.0,0.00016341424085672177,0.0
16526,11647.0,0.0,0.00016361360356651866,0.0
16426,11604.0,0.0,0.00016363492661443168,0.0
16326,11561.0,0.0,0.00016371164193232533,0.0
16226,11516.0,0.0,0.0001637659352828693,0.0
16126,11453.0,0.0,0.00014937806491059592,0.0
16026,11398.0,0.0,0.0001495665928251023,0.0
15926,11331.0,0.0,0.0001378806901153553,0.0
15826,11251.0,0.0,0.00013801778580793477,0.0
15726,11204.0,0.0,0.00013803612912041463,0.0
15626,11135.0,0.0,0.00013128555175947654,0.0
15526,11069.0,0.0,0.00013187058578377587,0.0
15426,11000.0,0.0,0.000131872533487085,0.0
15326,10927.0,0.0,0.00013268667347031372,0.0
15226,10836.0,0.0,0.00013292788523411946,0.0
15126,10777.0,0.0,8.939891368326384e-05,0.0
15026,10723.0,0.0,8.946155607176176e-05,0.0
14926,10665.0,0.0,8.978214585256513e-05,0.0
14826,10601.0,0.0,8.989069984609459e-05,0.0
14726,10557.0,0.0,8.996898253678966e-05,0.0
14626,10510.0,0.0,9.010081376879783e-05,0.0
14526,10429.0,0.0,9.04780955108533e-05,0.0
14426,10366.0,0.0,9.132238622146527e-05,0.0
14326,10311.0,0.0,9.135753766180525e-05,0.0
14226,10243.0,0.0,9.135753766180525e-05,0.0
14126,10190.0,0.0,9.135882702376965e-05,0.0
14026,10123.0,0.0,5.883003429305307e-05,0.0
13926,10033.0,0.0,5.9002730653131885e-05,0.0
13826,9978.0,0.0,5.924018814824026e-05,0.0
13726,9937.0,0.0,5.928846605971384e-05,0.0
13626,9869.0,0.0,5.9461473498801995e-05,0.0
13526,9812.0,0.0,5.979026079972128e-05,0.0
13426,9738.0,0.0,5.979026079972128e-05,0.0
13326,9667.0,0.0,5.985354880441525e-05,0.0
13226,9590.0,0.0,6.12782937750655e-05,0.0
13126,9523.0,0.0,6.128699185180939e-05,0.0
13026,9450.0,0.0,6.189500323089274e-05,0.0
12926,9391.0,0.0,6.199677072879634e-05,0.0
12826,9306.0,0.0,6.199677072879634e-05,0.0
12726,9218.0,0.0,6.345527589013869e-05,0.0
12626,9158.0,0.0,5.521473542563839e-05,0.0
12526,9078.0,0.0,5.521618924703701e-05,0.0
12426,9018.0,0.0,5.5390954110229635e-05,0.0
12326,8956.0,0.0,5.559857069017733e-05,0.0
12226,8889.0,0.0,5.559857069017733e-05,0.0
12126,8822.0,0.0,5.766167542040465e-05,0.0
12026,8741.0,0.0,6.051638803388496e-05,0.0
11926,8675.0,0.0,6.0537926862180335e-05,0.0
11826,8601.0,0.0,5.5908113015738634e-05,0.0
11726,8530.0,0.0,5.608080937581746e-05,0.0
11626,8477.0,0.0,5.700094435279386e-05,0.0
11526,8418.0,0.0,5.871403056750428e-05,0.0
11426,8354.0,0.0,5.877665672006033e-05,0.0
11326,8276.0,0.0,5.624907469170894e-05,0.0
11226,8198.0,0.0,5.910490387648287e-05,0.0
11126,8115.0,0.0,5.910490387648287e-05,0.0
11026,7987.0,0.0,4.4525583005488204e-05,0.0
10926,7910.0,0.0,4.4525583005488204e-05,0.0
10826,7830.0,0.0,4.4525583005488204e-05,0.0
10726,7754.0,0.0,4.1165120592196246e-05,0.0
10626,7644.0,0.0,4.140257808730462e-05,0.0
10526,7573.0,0.0,4.140257808730462e-05,0.0
10426,7495.0,0.0,4.85263029405559e-05,0.0
10326,7409.0,0.0,5.598925278681912e-05,0.0
10226,7331.0,0.0,5.598925278681912e-05,0.0
10126,7253.0,0.0,5.6328477779831086e-05,0.0
10026,7128.0,0.0,5.6328477779831086e-05,0.0
9926,7041.0,0.0,4.6497971430615384e-05,0.0
9826,6949.0,0.0,4.650576970631681e-05,0.0
9726,6858.0,0.0,4.652427288775383e-05,0.0
9626,6751.0,0.0,4.652427288775383e-05,0.0
9526,6657.0,0.0,4.652427288775383e-05,0.0
9426,6555.0,0.0,4.652427288775383e-05,0.0
9326,6474.0,0.0,4.6645330139584674e-05,0.0
9226,6380.0,0.0,2.8718439985323215e-05,0.0
9126,6307.0,0.0,2.8718439985323215e-05,0.0
9026,6238.0,0.0,2.8718439985323215e-05,0.0
8926,6134.0,0.0,2.8718439985323215e-05,0.0
8826,6069.0,0.0,2.8718439985323215e-05,0.0
8726,5998.0,0.0,2.9542321814505094e-05,0.0
8626,5917.0,0.0,3.099041544855396e-05,0.0
8526,5830.0,0.0,3.100449395616908e-05,0.0
8426,5716.0,0.0,3.100449395616908e-05,0.0
8326,5594.0,0.0,3.100449395616908e-05,0.0
8226,5501.0,0.0,3.2022168935204976e-05,0.0
8126,5379.0,0.0,3.488774859949419e-05,0.0
8026,5279.0,0.0,3.488774859949419e-05,0.0
7926,5169.0,0.0,3.490625178093121e-05,0.0
7826,5037.0,0.0,3.492767651733197e-05,0.0
7726,4896.0,0.0,3.574181650056068e-05,0.0
7626,4805.0,0.0,3.576681202636157e-05,0.0
7526,4694.0,0.0,3.576681202636157e-05,0.0
7426,4568.0,0.0,3.576681202636157e-05,0.0
7326,4489.0,0.0,3.658095200959028e-05,0.0
7226,4394.0,0.0,3.658095200959028e-05,0.0
7126,4270.0,0.0,4.085518692154104e-05,0.0
7026,4186.0,0.0,4.085518692154104e-05,0.0
6926,4086.0,0.0,4.085518692154104e-05,0.0
6826,4004.0,0.0,4.2279931892191296e-05,0.0
6726,3878.0,0.0,4.2279931892191296e-05,0.0
6626,3718.0,0.0,8.560967586801962e-06,0.0
6526,3628.0,0.0,8.92959908075614e-06,0.0
6426,3525.0,0.0,9.43843657027409e-06,0.0
6326,3442.0,0.0,9.43843657027409e-06,0.0
6226,3316.0,0.0,0.0,0.0
6126,3219.0,0.0,0.0,0.0
6026,3068.0,0.0,0.0,0.0
5926,2919.0,0.0,0.0,0.0
5826,2779.0,0.0,0.0,0.0
5726,2632.0,0.0,0.0,0.0
5626,2539.0,0.0,0.0,0.0
5526,2438.0,0.0,0.0,0.0
5426,2302.0,0.0,0.0,0.0
5326,2195.0,0.0,0.0,0.0
5226,2101.0,0.0,0.0,0.0
5126,1985.0,0.0,0.0,0.0
5026,1826.0,0.0,0.0,0.0
4926,1614.0,0.0,0.0,0.0
4826,1491.0,0.0,0.0,0.0
4726,1227.0,0.0,0.0,0.0
4626,1076.0,0.0,0.0,0.0
4526,921.0,0.0,0.0,0.0
4426,840.0,0.0,0.0,0.0
4326,798.0,0.0,0.0,0.0
4226,750.0,0.0,0.0,0.0
4126,602.0,0.0,0.0,0.0
4026,567.0,0.0,0.0,0.0
3926,456.0,0.0,0.0,0.0
3826,281.0,0.0,0.0,0.0
3726,265.0,0.0,0.0,0.0
3626,251.0,0.0,0.0,0.0
3526,132.0,0.0,0.0,0.0
3426,124.0,0.0,0.0,0.0
3326,112.0,0.0,0.0,0.0
3226,77.0,0.0,0.0,0.0
3126,65.0,0.0,0.0,0.0
3026,63.0,0.0,0.0,0.0
2926,60.0,0.0,0.0,0.0
2826,56.0,0.0,0.0,0.0
2726,52.0,0.0,0.0,0.0
2626,48.0,0.0,0.0,0.0
2526,45.0,0.0,0.0,0.0
2426,36.0,0.0,0.0,0.0
2326,34.0,0.0,0.0,0.0
2226,29.0,0.0,0.0,0.0
2126,22.0,0.0,0.0,0.0
2026,22.0,0.0,0.0,0.0
1926,20.0,0.0,0.0,0.0
1826,20.0,0.0,0.0,0.0
1726,17.0,0.0,0.0,0.0
1626,16.0,0.0,0.0,0.0
1526,15.0,0.0,0.0,0.0
1426,14.0,0.0,0.0,0.0
1326,14.0,0.0,0.0,0.0
1226,14.0,0.0,0.0,0.0
1126,13.0,0.0,0.0,0.0
1026,12.0,0.0,0.0,0.0
926,12.0,0.0,0.0,0.0
826,9.0,0.0,0.0,0.0
726,7.0,0.0,0.0,0.0
626,7.0,0.0,0.0,0.0
526,6.0,0.0,0.0,0.0
426,5.0,0.0,0.0,0.0
326,5.0,0.0,0.0,0.0
226,4.0,0.0,0.0,0.0
126,3.0,0.0,0.0,0.0
26,2.0,0.0,0.0,0.0
